Historical_Income,Crop_Types,Weather_Forecasts,Market_Conditions,Investment_Machinery,Expenses,Profit_Margins,Farming_Income
21854.30535,Rice,-2.594682846,0.904682273,1,6147.962905,0.436181312,23164.42634
47782.14379,Corn,11.6760379,0.89879152,1,8248.890964,0.484061396,66101.81326
37939.72738,Wheat,24.91783344,1.162501832,0,7841.448368,0.712728436,76994.62893
31939.63179,Rice,19.28899546,0.89981848,1,2385.099142,0.404002632,45140.05257
12020.83882,Corn,22.26244591,0.90877989,1,2343.245228,0.721789811,14854.93359
12019.75342,Corn,16.35133467,1.103759305,1,3413.56931,0.252880659,16791.90128
7613.762548,Wheat,17.69106258,0.979895937,1,4249.672537,0.666079062,5604.998729
43977.92656,Wheat,23.96782606,1.110684223,0,4676.100233,0.70852858,86961.55902
32050.17553,Wheat,-0.013279646,0.826146463,1,7117.274952,0.309090592,37256.63875
36863.266,Wheat,9.576998546,0.995028477,0,1510.123889,0.458207919,55966.09078
5926.302243,Corn,-1.151622327,0.81344544,1,1312.054338,0.299299865,6271.660596
48645.94335,Corn,29.50672032,0.825061281,0,4527.195066,0.623962477,67253.03464
42459.91884,Wheat,27.76237359,1.162574981,1,7274.473229,0.521208661,83112.87428
14555.25998,Rice,-8.422927545,0.855698148,1,2740.918087,0.581194008,18268.15622
13182.12352,Rice,18.2230069,1.012968273,1,6773.540331,0.31789218,18291.13627
13253.20294,Corn,27.0099327,0.964438241,1,3338.453241,0.327047517,11531.5515
18690.90093,Corn,-2.776986195,0.938937331,1,8974.774979,0.224898395,17155.15324
28614.03942,Wheat,12.71780922,1.159933338,1,9061.209498,0.393240521,46731.24638
24437.52584,Wheat,26.6195319,0.808729359,0,3675.584839,0.535846797,35873.13723
18105.31131,Rice,-8.642160857,1.065515874,1,3069.943786,0.714760948,31798.9009
32533.38026,Wheat,17.89681069,1.185357774,0,4701.735749,0.600156468,60528.36367
11277.22373,Rice,1.893960295,1.024067273,1,3164.784267,0.461237794,14840.87681
18146.50918,Wheat,26.97584782,1.174728985,1,7051.45459,0.771872069,35097.62162
21486.28295,Rice,28.84232981,0.820903152,1,8434.582161,0.63154712,30252.34218
25523.14929,Rice,27.77065956,0.967517328,0,7057.829178,0.758099122,35928.3683
40332.91826,Wheat,8.968568666,0.904063116,1,8419.154025,0.516552784,61703.52605
13985.3202,Rice,24.48170604,1.092328386,1,4572.92946,0.355342565,17377.86356
28140.54973,Wheat,23.78197594,1.192518836,1,2406.852736,0.231696012,44942.93923
31658.6556,Corn,2.76401893,0.902612025,1,7641.558527,0.635650911,40389.5222
7090.268572,Corn,23.15661897,1.061669841,1,4244.270546,0.272781799,12925.09658
32339.51834,Wheat,-8.519694611,0.879239053,0,7041.437427,0.381665077,42646.21924
12673.58557,Corn,13.85079514,1.026132102,1,3435.795478,0.519482545,21681.53592
7927.321684,Corn,-0.799646508,0.985572995,1,1731.066713,0.538649953,7049.258958
47699.84918,Rice,-5.177324569,1.188802132,0,9933.236159,0.560349918,89728.44783
48453.44149,Wheat,-6.921871935,1.043410909,0,2405.813571,0.299753198,59796.14582
41377.88067,Wheat,17.85155104,0.939802549,0,9895.788946,0.427842443,54260.74665
18707.61961,Rice,3.594998551,0.845638314,1,9795.519393,0.570316536,29989.28453
9395.24513,Wheat,18.99067086,0.860498731,1,8144.362935,0.781891319,18389.38198
35790.48619,Wheat,-7.385746368,0.890126772,0,6934.806659,0.636578683,52214.15285
24806.86222,Corn,2.611613513,0.900386665,1,6200.263452,0.753562254,34293.12668
10491.72057,Wheat,11.5796517,1.140246423,0,8794.913908,0.657327235,23054.78765
27282.96096,Wheat,21.62892659,1.024489115,1,3604.955695,0.555030181,43561.7049
6547.48345,Rice,2.750100117,1.009356365,0,5209.130912,0.315214021,-2909.665097
45919.41809,Wheat,15.03565506,0.845907549,1,6574.509724,0.600011391,66063.32344
16645.09917,Wheat,25.43910993,1.144055877,1,4700.714283,0.57402774,29852.92572
34813.5028,Rice,14.63452753,1.089125721,1,4847.378087,0.561481502,65217.82819
19026.99842,Corn,-0.68162101,0.827067345,1,3972.562008,0.493871521,18032.11952
28403.06095,Rice,-9.023968738,1.083134039,1,6078.08635,0.517193962,30791.92472
29601.96257,Corn,24.80395496,1.017415287,1,8655.170752,0.400665516,43579.94791
13318.4505,Wheat,-9.149223566,0.832690138,0,2813.755402,0.511587616,18221.54027
48631.30825,Corn,24.98806691,0.983320257,0,9409.897349,0.318533543,54599.11436
39880.97705,Rice,11.15748536,0.993878515,1,7201.788884,0.683104638,61820.46203
47277.45237,Corn,27.56270794,0.866309816,0,8409.458914,0.311466173,67489.70524
45267.23077,Corn,21.95132943,1.178279259,0,6005.716234,0.250979774,65196.00446
31905.49905,Corn,29.91736442,1.139990149,1,8015.650313,0.461747616,56821.4128
46484.34058,Wheat,4.028472618,1.067608935,1,1145.803576,0.594984464,75901.15009
8982.162592,Wheat,20.68753156,0.984918224,1,8365.423823,0.462630095,2487.928778
13819.22881,Wheat,6.077236544,0.964706217,0,1361.249732,0.366052479,17360.23185
7035.228001,Rice,9.195024812,1.060389387,0,9009.220387,0.53490271,10122.47591
19639.86488,Wheat,15.10021853,1.018172748,1,9927.664725,0.408201401,26160.09566
22490.47804,Corn,24.94708457,0.824909242,0,3646.60716,0.759720614,32074.19411
17210.70643,Corn,29.36333877,1.00500106,0,2892.867007,0.753587084,31652.74819
42293.18791,Rice,20.73093655,1.122561447,1,7888.270275,0.501423092,70532.03228
21053.8997,Rice,6.710671287,0.983695951,1,3277.237068,0.396730396,22607.14384
17642.05294,Corn,6.854280091,0.820782631,1,8790.061449,0.642279448,26211.60766
29421.32374,Wheat,19.50329206,1.11451128,0,1925.583329,0.222027766,30323.91703
11341.59012,Rice,-0.448914169,0.880545513,0,2133.596767,0.484861404,4577.206225
41098.86413,Rice,-5.581035475,0.903448334,1,9812.363996,0.401794037,55745.49677
8354.778966,Rice,4.184886306,0.865882541,0,7064.550084,0.752321531,15211.84609
49409.91215,Corn,1.489559666,0.932086026,1,8621.98502,0.207201816,55309.84409
39751.01462,Rice,1.852324818,1.102700602,1,3918.964396,0.531688925,60161.99461
13942.20567,Rice,-0.655689958,1.007754344,1,7088.353746,0.644398149,19564.76274
5248.495271,Corn,-8.316272415,0.88195251,1,6348.176446,0.491010793,5588.041271
41695.76428,Rice,-9.285042611,1.151132031,0,6428.351081,0.251241818,52076.7964
36808.58047,Wheat,29.50889559,1.151832742,1,7142.792136,0.783476834,71919.50933
37805.32256,Corn,7.110925349,1.14823137,1,6178.232558,0.510806259,68844.62934
39707.1656,Wheat,5.373065886,0.895518485,1,4861.561324,0.568511747,62910.45296
8332.009328,Corn,17.18589131,0.980495738,0,3483.304249,0.34196587,8866.015915
21130.95778,Corn,-1.269844485,1.193995862,0,7917.231978,0.490098851,41378.0473
10214.10768,Corn,27.99844736,1.108804991,1,3036.45187,0.457489695,6936.431515
43839.65416,Corn,21.45380058,0.810866968,1,7231.188755,0.244937505,47552.45334
33048.41571,Wheat,-6.423559908,0.826081837,1,3099.995404,0.263696212,30480.04398
19890.41112,Corn,6.703231031,0.985572551,0,6627.97153,0.702483512,34911.26694
7860.125763,Corn,25.1647323,1.163688082,1,7723.704404,0.343891971,11053.4612
18994.20448,Corn,27.78928089,1.015480719,1,2968.425,0.316974963,32004.2103
19633.24949,Wheat,8.69606045,0.999125003,1,1539.489708,0.502946871,25109.73347
37832.27803,Corn,14.53645557,0.84218948,1,2178.763687,0.661248279,56068.63536
33690.08621,Corn,-3.318642156,1.062712042,0,6453.972705,0.237167911,42896.61258
44924.57342,Rice,29.64674505,1.128841264,1,8645.017656,0.546084752,77614.62374
26249.67163,Corn,-0.733131945,0.952168003,0,1404.971391,0.271526266,30861.38189
10381.74107,Wheat,27.70927097,1.11024474,1,7607.361331,0.22187663,9855.318601
37096.01543,Wheat,15.98586596,1.185790662,1,4071.867814,0.231646371,54107.2996
39235.32719,Corn,14.3094718,0.881506584,1,5306.755329,0.700498465,58500.53758
30257.47389,Wheat,10.50754044,1.009331852,1,9359.735949,0.27078349,40015.71576
39693.5231,Corn,-0.773207531,0.914855183,0,3987.743543,0.227090819,44982.8874
27220.80184,Wheat,-2.93887872,1.117141768,1,5188.032405,0.462739932,48471.15494
28522.97732,Corn,-1.180551637,1.031037346,1,1123.141733,0.706396083,54799.67397
24239.34583,Wheat,-2.542469514,1.053832967,0,1734.38848,0.357445026,29421.76012
6143.860703,Rice,21.18337894,1.119165664,0,3327.32432,0.453027571,14334.87709
9855.114215,Rice,4.005010367,0.958388189,1,1250.670167,0.22395352,5628.589535
6414.313356,Wheat,-7.686292937,1.166036027,0,6682.377934,0.469447108,13929.74527
33638.46851,Corn,28.76410521,1.013211547,1,4837.585211,0.546567848,55810.1876
19146.01915,Wheat,25.3514354,0.863181929,1,5933.306825,0.542544232,15936.26932
27885.6811,Corn,27.11009133,1.078359647,1,2571.824673,0.399456015,42547.64871
45840.49133,Corn,29.79631291,1.11730454,0,3663.388265,0.389319908,68815.41347
16218.15031,Rice,-3.044190031,0.926704671,1,6974.420274,0.263974171,15202.99218
23467.23154,Corn,5.849680756,1.142871703,1,9687.724513,0.420078992,44840.82974
38999.80123,Rice,20.32953903,1.162457302,0,1453.750962,0.259696801,53840.71929
15295.91745,Wheat,17.84082472,0.910761795,1,9013.458888,0.659957567,19092.88002
8464.095942,Rice,-3.844163746,1.193408589,1,6191.930812,0.779764579,18356.09882
18038.81538,Rice,22.633325,0.856284611,1,6075.276101,0.782044674,30954.05233
12254.95793,Wheat,-1.022377127,0.880806267,0,5502.506817,0.71904266,17847.52255
46836.39436,Wheat,-1.047295407,0.873689936,1,1624.546773,0.56047529,69687.26055
41365.41708,Rice,11.47897692,1.157595884,0,1808.891666,0.620519418,80252.53758
33503.16904,Corn,13.71759739,1.061717021,0,6408.208051,0.371123482,37881.01885
44215.72656,Wheat,13.20344831,0.860841713,1,4068.627143,0.578462252,57433.26633
41165.24346,Wheat,-6.340526504,0.976129367,1,9255.412599,0.47338973,56395.42416
13395.65265,Rice,25.09843451,1.04611921,0,4659.314836,0.489210404,23265.77966
45165.15493,Rice,0.624001704,0.833385634,0,2289.533128,0.654665936,49157.52612
29270.40089,Corn,-4.819403149,1.152966547,0,7432.469502,0.369151013,58950.8736
41334.80698,Rice,25.54992319,1.121441414,0,3640.180793,0.390823767,67126.16035
45324.1085,Rice,28.22605993,1.002082709,0,5729.232766,0.754785075,80444.09949
19310.15637,Wheat,24.48510469,1.186850646,0,7280.49507,0.233734577,34182.90266
9952.336604,Rice,22.38064299,0.967104392,1,9102.377001,0.491380579,26072.73144
15257.08231,Wheat,16.20967923,1.193644128,1,8129.720753,0.74768048,36181.66297
24219.85049,Rice,12.03429482,1.067168,1,7087.249611,0.566217805,45225.54796
41810.66447,Rice,-6.520529604,1.053868509,1,7116.698642,0.527844245,67974.76342
43732.87625,Corn,6.338128523,0.866381958,0,9513.321796,0.349846508,50437.21169
5312.845874,Wheat,4.90754068,1.152771103,1,3662.416877,0.405965293,6231.850471
27983.62862,Wheat,0.39015135,0.970995875,1,1010.008848,0.711229049,42366.93517
23783.49514,Wheat,18.93680455,0.864893362,1,3447.591035,0.535530879,28151.08695
14994.85147,Rice,9.835029403,0.805043008,1,2961.022417,0.508845316,11461.24692
10393.94153,Wheat,-6.758151364,1.023902273,1,6956.511266,0.259747828,13027.35829
20192.68271,Wheat,-1.192671922,1.010959849,1,6703.404398,0.209616894,16269.77106
47430.93668,Corn,17.33035055,1.087741449,0,6341.152444,0.778211113,92697.10981
19544.13194,Corn,-6.95476562,1.156103221,1,1146.190989,0.4261917,32043.19677
28345.57798,Wheat,24.04827656,0.831762634,1,7559.00249,0.561927837,37559.92516
36635.85315,Corn,9.805861081,1.092598596,1,3911.773712,0.247829044,47337.79466
21363.33211,Wheat,9.223463093,0.874964778,1,6985.503901,0.609868571,45476.2278
48730.19372,Rice,13.69631139,1.143270821,0,6009.205857,0.759540025,104827.7366
48310.12827,Corn,22.98723864,1.127625406,1,4084.578329,0.545399152,77964.03132
16330.20331,Rice,3.912368316,1.016317502,1,2211.186404,0.275669193,22336.2029
27376.18277,Wheat,17.1206461,1.084097119,1,1849.770079,0.549032916,42932.85111
18539.52394,Rice,12.62927856,0.925740045,1,8483.664998,0.659808328,23414.5261
17817.82225,Rice,0.681130807,0.98846716,0,9265.577879,0.443849922,18729.20404
6659.912631,Rice,25.14519945,1.128654759,1,6848.092421,0.727902649,15149.28201
32430.39503,Wheat,21.89704086,0.983706079,1,1930.907034,0.589209772,47292.03199
27620.55605,Corn,16.33807339,0.943119306,1,4618.244952,0.739549351,50153.48554
7316.543806,Rice,24.02326916,0.997684979,1,7560.452801,0.574103187,16459.24391
17539.09089,Corn,24.69176804,1.131299701,1,8018.387956,0.278772783,32242.94093
45871.96487,Corn,18.33451907,0.934083219,1,2063.967601,0.385815027,55117.79078
15780.28508,Rice,23.48053313,0.869504637,0,1000.27647,0.321076969,20503.36617
11520.26924,Corn,17.89885847,1.084805608,1,7409.233413,0.745295899,24973.67494
27025.37421,Wheat,17.20563087,1.130391285,1,4209.365584,0.65624004,48225.99601
49354.27043,Wheat,14.74445513,0.840254991,1,3290.331985,0.605839021,62735.56076
15892.48722,Wheat,20.10866558,0.895949645,1,1116.077228,0.380579792,27705.49714
35246.09963,Wheat,-3.655795788,0.856788796,1,5862.694661,0.310426863,40710.35687
39272.88269,Rice,25.23483037,0.939176565,0,8660.356619,0.653870653,64181.4868
15693.68948,Rice,24.87374111,0.980140392,1,9618.684816,0.484494768,18724.14659
37769.73569,Wheat,-8.830108679,1.099530535,0,6091.704556,0.335473731,49364.43645
21550.24097,Corn,23.03267002,1.060459034,1,5630.15195,0.569973187,33031.58029
33453.76238,Wheat,-4.845205301,1.048371427,0,1765.507469,0.224200311,42315.00794
33508.83698,Wheat,3.40475417,0.940949979,1,5939.855214,0.395702152,38685.58346
29109.86078,Rice,19.74033025,1.136579021,1,4419.811711,0.481134197,48955.07408
9063.039652,Corn,-3.569604158,0.988514867,0,6464.217528,0.288775,3103.544124
42588.6123,Corn,22.71868096,1.191641975,1,4498.537131,0.790792687,85283.1688
19435.10292,Wheat,23.28536712,1.053656855,1,3162.692111,0.325458419,30497.2002
13393.33297,Wheat,10.29870935,0.850505897,0,1854.687477,0.278211878,17579.203
6834.88137,Corn,-9.744565131,1.070471025,1,3834.266001,0.322120924,7713.970059
31590.18244,Rice,1.481525327,0.930041606,1,1869.803509,0.66143668,43724.49385
35490.39628,Corn,14.67707674,1.074530879,1,2592.072557,0.455303396,50361.74374
5746.452302,Wheat,29.24744712,0.827856459,0,9886.025427,0.539249564,5456.234757
28044.18762,Wheat,15.27254108,0.869952575,0,4996.932012,0.212605494,32806.66601
15192.30988,Wheat,0.392143243,1.142294904,0,5786.845899,0.220658785,25824.66083
34032.77557,Rice,15.36022812,0.890871823,0,8862.566759,0.46749533,42010.09861
12846.48931,Rice,11.59941519,1.13481645,0,9960.120104,0.689993146,18869.94644
36092.19821,Wheat,21.19381581,0.911710435,1,6244.430044,0.731143327,58303.58648
22403.09058,Wheat,-5.720774447,1.057152764,1,8312.264389,0.252023941,25534.62054
47152.84949,Rice,20.4411161,1.077660229,1,3942.469219,0.523017861,74800.50959
11188.44249,Wheat,11.65066315,1.005061901,1,3751.695617,0.747937812,26282.07622
20347.9858,Rice,28.51968015,0.922124271,0,4624.333489,0.432783653,31019.42919
10106.30846,Wheat,3.674886642,0.885057751,0,7052.565364,0.697739499,15975.5854
46611.21282,Corn,15.30487573,0.813275742,1,7139.725203,0.280217393,42170.58978
44480.2709,Rice,27.28112422,0.92157856,0,3837.154912,0.761236694,73253.71016
16607.37325,Corn,-5.89961088,1.061265116,1,2198.889317,0.650853991,34409.30062
34699.28207,Wheat,27.48913949,1.175321927,1,6691.566308,0.764800636,70095.39083
41774.99901,Corn,17.51542889,1.148481793,1,2154.93276,0.60597034,83806.53561
29984.03652,Wheat,-7.286517636,1.106425911,1,6206.432574,0.418042359,53507.44467
28834.27603,Corn,2.038542678,1.115378937,1,7240.799153,0.762908704,65015.8251
15883.35309,Corn,18.32688355,1.065993961,1,7305.503468,0.365340066,24643.5508
9189.624551,Rice,-7.305975941,0.904114743,1,7781.248996,0.399303513,14563.03681
45374.70911,Wheat,13.28681841,1.162878012,1,8855.734794,0.620485051,92576.23776
45518.81257,Wheat,3.835322278,1.068292925,1,5499.630928,0.65918978,82919.09695
33489.56558,Rice,14.83662071,1.024176252,1,7572.242706,0.75764209,57779.57827
20256.3406,Corn,-8.170318647,0.844395788,1,6572.554618,0.322881445,20384.33777
20714.43086,Rice,24.86147225,0.978822218,1,2679.759458,0.678798821,35231.67182
37668.00555,Corn,28.93955877,0.984143308,1,1231.206804,0.643127632,54459.11004
45369.9617,Wheat,28.75511421,1.145825444,1,3560.872471,0.238276734,63656.82966
44918.88909,Rice,19.98607327,1.018659288,0,4987.303357,0.432333885,71022.09958
40094.39956,Corn,-4.796550395,0.95216022,1,6553.9535,0.369659274,41332.24354
33891.42408,Wheat,20.33052784,1.190720131,1,8649.633975,0.382694255,63471.31498
8786.298425,Wheat,-9.016523342,0.844288237,1,2766.21145,0.789768128,18888.67248
12273.29213,Rice,-9.115057939,0.969019371,0,2129.948109,0.585666448,16559.59968
45434.93848,Rice,2.944408766,0.81680987,1,9671.319527,0.630605695,63231.51361
32289.30768,Wheat,9.545727616,1.095961648,1,1972.401034,0.785970582,63217.38498
5413.867323,Wheat,20.81629671,1.167230621,1,5306.419631,0.426321069,15163.20518
9566.219429,Wheat,17.33181506,0.912014932,1,6270.073559,0.681104101,19580.26722
34857.57961,Corn,7.836108255,1.143336671,1,5872.369788,0.460718578,51215.05012
5227.771273,Rice,0.945066651,0.916887292,1,1774.289413,0.721720203,11188.994
12236.36231,Wheat,29.88498001,1.164308065,1,1513.242226,0.308394525,17612.42057
29693.02052,Wheat,7.047252089,1.101584761,0,1949.350847,0.768611706,58264.35333
36135.2839,Wheat,8.055480973,1.121962711,1,6270.289155,0.331263025,50331.79324
34338.25668,Corn,-3.455047152,0.807202622,0,5899.103989,0.395732304,47427.49681
15092.11893,Corn,21.79238195,1.185124143,1,3103.667128,0.65371534,34778.71874
37048.06496,Rice,17.74728903,1.090668397,0,6739.967277,0.436253085,54336.04322
15676.20894,Corn,-1.169215488,0.921900438,0,8380.607519,0.564926826,15943.11905
19642.98642,Rice,-6.704758175,1.131757866,0,1374.210639,0.466744101,30678.97806
38592.11323,Rice,17.21997208,0.912608479,0,5483.169492,0.645421962,60123.4352
34233.48046,Rice,16.18044857,1.149101536,1,7203.793709,0.336998751,53795.54513
43215.05347,Wheat,0.93038108,0.845032156,1,3270.807344,0.235074792,51368.26102
34592.58015,Corn,28.03454249,1.081474391,1,3769.938148,0.379957638,55575.17941
30573.88715,Corn,-3.957684329,1.016279391,0,6522.741127,0.484585199,50976.29952
9215.364552,Rice,7.293392042,0.838613788,0,9081.417641,0.300812031,11687.1238
21547.21114,Wheat,27.74463681,0.896757531,0,8289.319783,0.412878374,20354.02373
16934.10655,Corn,6.789092677,0.804961615,0,6248.171972,0.439989811,18650.44873
15979.53395,Rice,15.54103791,0.987507186,1,7571.99546,0.234435106,24779.71692
48785.47496,Corn,5.903775919,0.920506104,0,4283.402232,0.549984349,69348.04014
22689.39761,Corn,0.968608094,1.039342994,1,6768.689753,0.730606057,43326.71885
45142.09498,Wheat,29.35910592,0.918895123,0,5195.63432,0.291045748,51959.93463
33401.23817,Wheat,6.373360253,0.919967645,0,2709.425228,0.558684808,42746.29858
40766.50866,Corn,25.76396815,1.097277279,1,7315.644465,0.598843523,70903.0099
27618.66919,Wheat,-0.801815764,0.819257134,1,6008.181736,0.451600808,34390.30645
30960.67481,Rice,-1.475811839,1.161157998,0,4227.594238,0.620658552,54984.61751
27163.29622,Wheat,-8.754636685,1.14090555,0,9202.052711,0.446438926,43647.67875
13785.93445,Rice,16.06667302,1.067121873,1,1188.40706,0.502782373,17410.52433
37510.34519,Corn,4.741053749,1.037288628,0,3841.958361,0.204411827,52458.74999
17634.75631,Wheat,24.57432999,1.156920999,0,1511.93258,0.615032068,31477.6376
6094.218489,Rice,8.928396268,0.874132072,1,7898.745846,0.596805607,15770.20365
34046.25332,Wheat,28.72773712,0.831587665,1,7318.967087,0.223040526,42271.00602
12969.98057,Wheat,-2.578979372,0.895804068,1,3982.169969,0.420950064,16104.16569
47320.6363,Rice,24.74492672,1.117831311,1,7080.96612,0.787419104,89505.95121
47926.78597,Wheat,21.06387411,0.813868107,1,4563.435036,0.452441938,46224.58073
46168.89756,Wheat,20.83687379,1.033122734,1,7806.284123,0.501167243,64242.69647
21657.14151,Corn,23.79132912,1.198175006,1,5087.652965,0.745958095,38436.77222
5695.547744,Rice,20.44095964,1.142278438,1,4710.51755,0.630357126,17499.29081
46774.33532,Rice,15.04881287,1.008578276,0,9412.569239,0.549242079,73665.51417
24268.28667,Wheat,-4.750204893,0.825456364,1,3257.911899,0.678682809,35576.08771
48499.46686,Corn,-8.69895282,1.132549406,1,2084.02606,0.71861976,83298.31394
48362.89897,Rice,26.83391391,1.039591403,1,6260.888019,0.474132843,68126.10889
43385.4255,Corn,14.66601258,0.845973199,1,9723.896311,0.485065019,58941.60244
18250.20014,Rice,21.86149164,0.837542914,1,4400.552924,0.431630561,23316.81013
22329.39779,Rice,9.260894061,1.163850728,0,1558.330873,0.780023684,45523.38195
43301.15022,Corn,-5.307672442,1.067680105,1,4053.747406,0.618299753,77641.08446
19261.49023,Corn,-4.992568312,1.13171472,0,5553.384889,0.24993384,35425.68686
12627.1736,Rice,17.42261149,1.15159156,1,2457.30706,0.717775774,23873.5605
30056.05681,Corn,7.212235796,1.028708941,0,6922.919963,0.488335965,46364.61102
47126.96484,Wheat,-1.979010932,1.006978541,1,9979.744501,0.241252344,59867.66005
36321.34085,Corn,9.66378187,0.972170964,0,5065.655284,0.529830353,65979.70387
30652.75265,Rice,-7.431642517,0.926778635,1,4192.557011,0.450298567,30703.75906
9372.94222,Wheat,13.27885608,0.973838384,1,4606.337502,0.726649643,19176.50839
32675.3252,Rice,0.759736177,1.109551862,0,2036.315606,0.322396762,47369.44096
49552.42325,Rice,21.90236403,1.040769372,1,8949.462413,0.695878766,90294.81125
11303.78069,Corn,2.414478357,1.157009316,1,4733.4309,0.534613215,16783.69825
28324.83436,Corn,8.208805963,0.977352006,0,4485.469703,0.232766182,33882.2524
44481.78824,Corn,-9.535178404,1.042835831,1,6937.212456,0.783107181,86270.40699
38334.5878,Wheat,-7.102124488,1.052523021,0,4978.300788,0.507569146,76392.00545
36365.70834,Corn,5.699742256,1.036678865,1,6834.101219,0.374526113,55859.21231
36611.78378,Wheat,9.197553389,1.081053509,1,1553.016611,0.481644105,54402.10459
21177.1018,Wheat,14.00082192,0.894973387,1,8323.510094,0.71471467,30380.0902
18211.63299,Corn,1.666503148,1.004945511,1,9464.535576,0.382941875,23043.11514
41421.252,Rice,17.79927545,0.841689921,0,6838.888475,0.315605838,36888.86916
41455.10276,Corn,24.40489589,0.953804531,0,9591.09336,0.277442748,48859.71814
44018.25434,Rice,21.19403956,0.995066827,1,2362.890829,0.378715639,64053.41346
46095.82487,Wheat,-8.415246986,1.060889704,1,5296.745705,0.668028852,75199.76378
28010.40795,Wheat,9.22027789,1.180212421,1,6416.260606,0.482975819,54266.97101
27568.23326,Wheat,-5.802792863,1.040260427,1,6235.629827,0.336488962,40766.89447
40923.28305,Wheat,-0.318199365,1.097437566,1,4613.156012,0.299711,54699.82679
34248.37688,Rice,29.46650373,1.002506424,1,4042.759684,0.399637686,47347.81701
36588.50948,Corn,-4.300178284,1.053641613,1,2141.416203,0.763954624,75994.13442
40810.67012,Wheat,9.955526138,0.828372886,1,4525.682055,0.405816028,51193.39198
45050.24038,Wheat,14.72622937,0.901756632,1,2463.947336,0.792874446,72878.28273
20209.78206,Rice,18.09859882,0.944741237,0,7609.291088,0.491138273,27281.9081
21901.23287,Rice,12.38594734,0.988997342,1,2879.478419,0.307498351,28703.80101
9229.187293,Wheat,-9.609166103,0.818259498,1,1527.087748,0.734684055,10541.29097
31022.60634,Wheat,3.05845233,0.856009639,1,5971.29524,0.476213224,28678.05426
6617.402321,Rice,10.70846574,0.910725723,0,6357.067594,0.625802806,20009.01536
25951.91082,Wheat,-6.485340034,1.188613076,1,8847.217552,0.79022695,55999.36286
29419.00856,Corn,4.025077248,0.932538803,1,6192.834512,0.23010521,35737.89414
17894.35635,Wheat,-8.671875648,0.992816423,1,4109.327684,0.258016736,22060.14864
31587.49673,Rice,-6.856860114,0.878439085,0,8227.106934,0.632274045,41616.253
6372.511247,Corn,5.876931048,1.044312028,0,5862.510039,0.369095002,8181.554434
6680.668494,Corn,-4.691369838,0.912273286,1,1713.522562,0.310580838,-9.513862262
42017.02523,Corn,12.70163393,0.882797031,1,6092.655043,0.223617128,56772.4571
21208.57886,Rice,17.57859877,1.006629051,1,9172.166909,0.213108027,19726.29148
10717.72307,Rice,22.02346796,0.80220232,1,4566.813629,0.664691362,9152.82252
28500.9467,Wheat,-1.99399023,0.803065613,0,3666.932217,0.280660056,27110.61814
39649.70989,Corn,-3.30069671,0.887627524,1,2291.225113,0.48063237,58550.01158
14711.94624,Rice,-5.817286387,0.814688545,0,2363.009697,0.563538089,18812.57166
33030.07141,Rice,15.45720998,0.843210302,1,4894.943359,0.45701108,34398.96859
8840.635925,Rice,18.25902906,0.93554426,1,6361.118417,0.216263991,16331.17555
7325.677453,Wheat,-8.736554207,1.121034272,1,1725.538647,0.670100902,17370.43204
28910.95842,Corn,27.44848985,1.028819457,1,9456.117301,0.206307935,38572.78685
29328.58047,Wheat,-7.921148654,1.00506709,1,7796.202557,0.657133937,52426.32484
33684.34557,Wheat,11.65185341,0.917395529,1,6279.615265,0.735982696,65616.91769
37674.11002,Wheat,18.36242078,1.172701488,0,8455.948038,0.459703953,75415.90287
48913.34358,Wheat,24.83876495,0.958806016,1,1721.680811,0.521325484,67914.16669
28233.51567,Rice,18.56347729,0.834837107,1,5291.5499,0.486190036,43149.49857
19533.04128,Corn,22.06912332,1.046826606,0,6670.838142,0.433525171,31228.14408
40783.37876,Rice,3.578007702,0.845535357,1,8457.876155,0.732454721,62237.08169
17187.45131,Wheat,22.59300455,0.938089257,1,8051.22604,0.736360106,19534.61088
24753.71393,Rice,-6.795406145,1.002964775,1,3493.623247,0.401489819,33943.00345
8530.53716,Wheat,25.79266624,1.14968901,1,9467.921526,0.569041852,11324.20482
6140.783454,Rice,11.90369505,0.997418632,1,2119.112573,0.756144537,14896.55965
48319.17866,Corn,22.6919108,1.080903506,0,8876.202568,0.777235099,98177.49421
42619.10542,Rice,8.092731381,1.197126736,0,9738.462246,0.505375424,66432.53074
36318.83927,Wheat,15.74310781,0.852595648,1,2594.381709,0.471694883,45461.27615
23402.8825,Rice,11.05610644,0.90989261,1,7498.594578,0.36721659,34722.96776
12798.2444,Corn,19.26358087,0.95783043,0,1362.569669,0.775323124,20829.48882
12039.66692,Wheat,-6.734800719,0.968731271,1,4648.805426,0.285688583,18640.56367
16260.93042,Corn,-7.58591664,0.96440843,1,5646.549693,0.547897746,26030.23589
29715.19991,Corn,-0.11587064,1.163044401,1,6225.807033,0.369530161,49039.39619
37156.81652,Wheat,-3.618212795,1.085613058,0,9423.435234,0.367404974,53801.70468
34708.88195,Wheat,24.87134266,1.043162086,1,7050.256186,0.442981152,46163.09968
17597.02536,Wheat,-1.231440506,0.923749087,1,5331.501561,0.799275761,23640.0016
47968.93763,Wheat,29.03461023,1.129516154,1,8287.075326,0.232979784,70351.69092
38205.36125,Rice,3.475831671,1.182024205,1,9554.795389,0.547125091,69964.93706
29945.93236,Corn,-2.715283372,1.128479313,1,1198.595338,0.249543295,41533.71165
32527.43358,Rice,21.58794029,0.800626042,1,9842.69145,0.292712498,31545.76993
23882.00281,Rice,16.34831102,1.054560548,0,1775.189252,0.463737765,35338.31769
16147.89453,Corn,9.927828658,0.820454153,1,8329.481013,0.506276079,25190.61896
21018.77054,Wheat,12.21454204,0.903042888,1,3523.012773,0.355275445,24048.06122
39103.07497,Wheat,18.76807113,0.82380988,1,2189.61692,0.389874279,38067.39082
5647.706988,Wheat,-0.861810347,1.041518181,0,4958.700757,0.252180212,11083.82019
10223.26882,Wheat,29.85335664,1.074635965,0,6795.609215,0.38193187,14157.92423
7070.118891,Wheat,28.99172649,0.845795055,1,4428.566605,0.779935064,10800.76246
6832.796104,Wheat,16.01302745,0.953535553,1,1491.088675,0.766824429,19549.30749
43495.72628,Corn,-2.018301963,0.982494604,1,6395.150257,0.400926974,59764.85371
36664.60367,Corn,17.2091297,0.947621209,1,9121.629485,0.542512362,55039.20857
26337.82231,Wheat,-7.112063641,0.84841,1,4448.938294,0.745757235,33114.8025
9402.537229,Wheat,-8.773899912,0.967579116,1,2946.994999,0.203710294,9852.646265
27122.71438,Corn,0.30731554,1.100471219,1,4983.196113,0.686410142,53383.20647
26306.22969,Corn,8.50491827,0.828403066,1,1435.264399,0.769021732,30773.93829
12794.08415,Wheat,24.73090022,0.832072006,1,8384.38826,0.254795441,14362.27487
24523.32422,Rice,19.08676279,0.941908517,0,8437.067299,0.296868612,30459.97059
22932.71305,Wheat,19.70826085,1.176690285,1,6292.004171,0.776447782,48143.34888
32713.25441,Rice,7.019733378,1.067429059,1,4177.926,0.522524086,58350.93237
33579.21429,Wheat,3.837399702,1.071467983,0,8198.05028,0.208517981,45153.52505
7038.68044,Corn,4.841550519,0.944767996,0,5992.183223,0.354579199,16398.20282
21857.56766,Rice,29.50598255,1.037464316,1,8433.390777,0.469966205,28365.6624
33163.69621,Corn,-8.395632344,0.804052474,0,6683.129133,0.615745347,43764.0412
27641.13164,Corn,24.68125984,1.054438419,0,8059.649259,0.639896227,48218.53803
43542.04285,Corn,13.14701634,1.165314779,1,6387.066939,0.797252908,85846.67444
34641.21342,Corn,7.544616768,1.045029387,1,4727.269614,0.37250672,54467.70886
12332.04922,Rice,19.01030642,1.149479437,1,9621.512739,0.522932061,33211.59401
8175.593633,Wheat,9.466757657,1.089589222,0,5870.024424,0.519994129,13455.13616
33908.86752,Wheat,24.93692952,0.848223367,0,6445.805667,0.443387156,44040.23083
6193.008974,Corn,26.02807456,1.160981323,1,2984.388755,0.301497136,9780.314818
31359.90116,Wheat,6.868837075,0.826577538,1,6630.857105,0.786473938,42739.96411
47310.36086,Wheat,1.073111889,1.013586989,1,6144.468845,0.711990312,72991.55461
30896.338,Rice,13.69401314,0.85685485,1,2663.545582,0.498999817,36155.16964
22467.64668,Corn,26.49453382,0.804682644,1,1536.283876,0.561947254,21279.16066
33947.96983,Rice,-1.57351244,0.968813704,0,6439.233877,0.336356632,52472.28897
25621.38007,Rice,14.91866334,0.918016283,1,7873.230424,0.526272242,35323.663
29552.75552,Corn,15.2624088,0.994400198,0,5710.612338,0.61698208,45789.08573
47365.91639,Corn,19.3245209,1.030879955,1,3040.953628,0.509100217,78132.98036
22374.6187,Rice,-4.737292595,0.817495629,1,6998.69779,0.794171102,27208.7026
48253.57537,Wheat,18.63299859,0.849201318,1,1720.951539,0.566804994,60368.64774
45740.77889,Corn,26.36130083,1.023456959,0,4976.503343,0.422584228,66936.81884
13810.60107,Corn,-2.812675645,0.937266941,0,2470.300826,0.663291217,26673.85209
8121.258539,Corn,-0.498267003,1.091669395,1,2660.13146,0.302277507,14054.0652
9535.010062,Wheat,28.85580376,1.060916659,0,2820.645542,0.430709488,15714.46975
5819.982154,Corn,-2.760921892,1.138241745,1,4480.363513,0.40817537,9719.1121
9249.933234,Corn,24.17540373,1.076997131,0,1460.351851,0.459084257,16536.79777
35735.3048,Corn,9.691114258,0.971972431,1,4580.140968,0.669067896,58981.21997
8203.489181,Rice,-0.110757024,1.069186649,1,5605.367024,0.490503819,7923.438705
19353.90336,Wheat,24.82999605,0.91015247,1,5349.648565,0.67640867,29760.33977
43019.38899,Corn,7.8122102,0.9225254,1,4445.056904,0.545893342,55982.62038
6047.237108,Rice,10.59269416,1.115594064,0,8552.319473,0.405241661,9885.54088
41651.08172,Corn,4.369334776,0.978567807,0,2307.940232,0.685987246,66314.91581
17683.46486,Corn,13.71803406,1.119352136,1,5551.270694,0.342973802,39279.76402
10317.41724,Wheat,-3.459045097,1.128968949,1,1558.372753,0.334629788,15346.35418
36353.17244,Wheat,5.643261466,1.143024935,1,1640.40111,0.502701754,55419.9409
33302.42811,Corn,28.77649289,1.166654094,0,6164.792647,0.356509548,52032.76962
44486.24061,Rice,0.325337308,0.972394088,0,6094.165824,0.205452221,54742.43561
38078.19697,Wheat,16.26946658,0.927546727,0,8902.301616,0.588978516,64488.43974
41156.64187,Wheat,3.007602569,1.032879499,1,6020.863081,0.506656293,61100.47345
17691.55577,Corn,20.93892503,0.948468969,0,9638.119184,0.467310689,16709.17452
12984.77947,Rice,-4.765053571,1.040429667,1,1438.253636,0.780181109,28133.98639
38777.66382,Wheat,28.7928418,1.082234345,0,1882.069163,0.54271951,57839.57506
41307.56327,Corn,8.151581655,1.075362007,1,1396.592754,0.718058947,74136.40482
49572.73139,Rice,-0.557981466,0.949821155,1,2667.491653,0.283670142,59153.80012
23567.79546,Wheat,-7.060130107,0.866744081,1,5871.430998,0.541523878,31140.92207
21740.81386,Corn,-3.209683796,0.972211735,1,6810.149633,0.720787776,39817.55317
39938.58323,Rice,10.79095794,0.857037658,1,1410.266422,0.549863454,49631.90301
20336.15931,Corn,3.480127057,1.156038814,1,9513.738009,0.630808507,36970.66612
46884.07965,Rice,23.15533464,0.938350984,1,8579.48839,0.423226141,62541.66382
43628.57383,Corn,7.235500946,0.861783899,1,3669.512339,0.25546971,47951.64523
24304.73123,Wheat,-0.051429096,0.810179104,1,1694.687772,0.474740177,29528.51808
38789.19805,Rice,14.68579946,1.058328955,0,2528.983659,0.436687635,61158.54378
38954.42933,Corn,18.27108868,1.054760927,1,2142.499724,0.720236109,74899.58791
9640.574098,Rice,-3.318323684,0.936241667,0,2109.554014,0.346397181,14115.62654
45614.8808,Wheat,-3.295231348,0.828684756,0,5667.055198,0.780040537,69554.09421
27736.35676,Rice,-8.533142923,0.963851558,1,3212.626982,0.774882872,39538.12484
42190.58597,Rice,19.4560806,0.924486998,1,4223.257449,0.348578986,52851.98737
19402.23205,Rice,16.5521811,1.070848256,1,9905.548,0.408831173,31668.60656
45298.54528,Corn,8.98523503,1.0423117,1,7158.82824,0.737333445,85673.2585
22514.07554,Wheat,23.76681796,0.945837491,1,9540.826003,0.779973333,34442.16723
5487.694317,Rice,22.22680612,0.887157022,1,2283.008995,0.466063462,3842.255222
45742.18894,Corn,13.41417458,1.195214386,0,4439.255273,0.392598227,73265.24017
9107.900455,Wheat,24.73085122,0.981600648,0,5992.58623,0.515656408,16232.5243
19369.11369,Wheat,-1.766351599,1.075309694,1,1690.822557,0.612661524,38757.59006
47752.78852,Corn,-5.523215224,0.856221187,0,1037.686993,0.364084709,53735.96177
47777.32161,Wheat,0.789984461,0.99423588,0,7033.909004,0.641883905,82532.4616
30804.70497,Wheat,-7.716525756,0.811014688,1,6776.375651,0.230994414,31371.41643
33432.67455,Rice,11.24678112,1.002182047,1,4697.09929,0.229576696,40576.30829
25180.04849,Wheat,27.46422769,1.185606963,1,5406.796684,0.431772623,41686.70447
18194.48473,Corn,-8.426258373,0.953682685,1,4738.987005,0.412083915,28235.20515
19789.90454,Corn,-5.11560344,0.815598405,1,1216.045404,0.389379929,24053.33503
35263.33052,Corn,8.087961131,0.812382316,0,4018.344456,0.494611858,54195.73057
38856.85382,Wheat,27.3550007,0.955194704,0,2593.740299,0.392440149,47420.4918
40621.05697,Wheat,2.646244199,0.864009975,1,1885.817702,0.315354751,48755.5121
40532.81643,Wheat,10.28939235,0.809340839,1,9610.483905,0.385681729,42811.09513
9104.274637,Wheat,-8.337085638,1.102485446,1,6394.237525,0.784942564,13569.62311
27248.91371,Rice,-4.066271962,0.983409204,0,7557.906558,0.44666805,38711.78578
7590.144201,Wheat,29.46520492,0.915697909,1,3838.273689,0.466827666,10881.62417
29728.7997,Wheat,28.60474786,1.160033273,1,4538.324165,0.545926994,67904.31956
24868.87256,Wheat,-9.802400763,0.846455584,1,3132.315945,0.790004461,36759.57376
44946.68822,Rice,28.07247142,1.182367532,1,1872.691039,0.344960766,65825.03528
20791.17556,Wheat,15.56479751,0.925586687,1,2611.284737,0.608769266,32324.26615
10268.01574,Wheat,24.71673178,1.155361469,1,8177.626408,0.629590816,8959.075242
11434.62569,Wheat,8.189594225,1.041177151,1,7097.912247,0.56439465,18165.07122
39267.97843,Rice,10.62384114,1.130682944,1,5922.359884,0.253147004,55719.39404
32819.81285,Corn,9.55386321,1.193605265,1,5275.808856,0.606123365,66891.12031
9550.520426,Wheat,16.6745703,0.915362175,1,9301.908553,0.238456827,15694.93013
8784.806275,Corn,-4.41394981,1.184454194,1,1654.61453,0.55768559,13690.183
36543.61092,Wheat,-8.801056405,0.955792758,1,3525.407319,0.643748706,56659.97979
8274.335286,Corn,2.317197664,0.954204762,0,4149.440682,0.326581934,6643.304292
41983.70267,Corn,18.18723051,0.936154842,1,8041.83231,0.704973205,61370.6694
36780.90022,Corn,-1.925861915,1.016563043,1,9932.631581,0.218212283,47098.55768
8660.695129,Rice,16.93729733,0.861658017,1,3166.034633,0.706287718,6365.342283
8817.697134,Rice,28.79648184,1.021484594,1,8868.766007,0.47619743,11223.18504
49398.78103,Wheat,-6.243971368,1.016681925,1,8475.604844,0.330552764,61848.27914
21842.18581,Rice,16.90408473,1.104760725,0,3021.916579,0.280266887,33641.75398
21678.89662,Corn,7.750008772,1.133459985,1,4593.993222,0.771984301,52548.63549
41575.98053,Corn,24.72569018,0.97617654,1,4687.055824,0.243599353,43964.15766
47626.18598,Rice,-2.914008422,0.9209333,1,9803.986017,0.319456052,48606.96334
49370.04787,Corn,17.70503809,0.903733959,1,2628.027112,0.408693408,62227.7871
38902.01834,Wheat,23.52461159,0.877849535,1,8192.42174,0.572140909,53767.28764
21931.68135,Wheat,27.78456878,0.823059033,1,4007.734428,0.526880651,28655.12367
8757.532251,Corn,17.32992113,0.936979192,0,7577.833112,0.275386095,8233.738077
39971.61122,Corn,9.88699056,0.908099077,1,4780.099039,0.37383679,48864.58307
30128.19124,Corn,14.71388961,1.186566954,1,6205.237868,0.343251063,49857.59027
24089.99042,Corn,24.75619938,1.023083531,1,8493.50596,0.328125713,37935.23699
45785.94733,Wheat,12.82438987,0.938910816,1,8237.490085,0.446686602,52416.25241
10003.8867,Rice,-8.784517612,1.03218704,1,8797.808652,0.622418872,14908.20897
27168.12969,Rice,27.23794782,0.855678681,0,1536.555928,0.330471759,31998.77291
5510.914015,Corn,17.58107004,0.9776175,1,7228.454977,0.420007328,3060.502647
26089.72889,Rice,17.06053543,1.050493729,1,2259.88639,0.434550456,47972.71106
7533.647406,Rice,-1.372993904,0.995559133,1,4742.367112,0.785873918,10217.34694
10346.80623,Rice,16.35541881,0.96071152,1,5937.295735,0.772799814,17415.69137
10288.6811,Wheat,5.754576226,1.197539356,0,4624.655363,0.68008255,23480.57649
34214.4636,Wheat,16.04931908,1.152125905,0,5676.505082,0.344995352,50062.44527
38572.01957,Corn,-5.736278788,1.049362383,1,9968.736779,0.240822388,40990.69449
31251.59443,Rice,16.31381218,1.027750944,1,2216.955823,0.390142483,42506.51316
48297.76468,Wheat,29.97654903,1.048264192,0,7079.104408,0.36007673,74006.27899
21869.17608,Rice,-8.071518446,0.880524843,1,4564.008697,0.50355548,27268.5192
17857.04388,Wheat,29.08696737,0.958055097,1,2197.08819,0.666636746,24280.70313
44086.96077,Corn,6.276318429,0.815783813,1,2428.63087,0.714993763,66308.84742
15061.81273,Corn,24.83013801,0.990218415,1,9543.457956,0.706918451,23803.93402
48345.01427,Corn,21.29541936,1.017209834,0,8916.41347,0.415805337,67074.28885
5546.951361,Corn,12.68065044,0.891099894,0,9163.377644,0.612340606,8716.899115
48644.5472,Wheat,19.53796837,1.185611539,1,9923.794982,0.387700519,83887.34751
6942.196038,Corn,25.14062245,1.163781844,1,2874.83851,0.236543326,21898.85061
45101.44012,Wheat,6.165612866,1.088857294,1,4198.954036,0.620939159,83738.93366
28746.54991,Rice,3.081326463,1.013354652,1,7022.971269,0.205896532,40927.50853
49683.41583,Corn,16.70373542,1.147987664,1,5354.222859,0.445509552,79916.17735
8320.845413,Corn,22.31383768,0.852260938,1,4765.5058,0.397627562,4781.979366
29923.4428,Wheat,20.49140539,1.116203918,1,4220.301244,0.616026523,54288.0158
48618.6141,Corn,21.91254595,0.849928326,1,6344.025687,0.659747284,69120.48663
28539.40299,Rice,7.423332593,1.117684265,1,6180.340858,0.382456782,38705.10029
33322.93872,Corn,22.71336865,0.910307027,0,2453.120507,0.686976209,50296.44128
36308.691,Rice,-5.191637785,1.150836232,1,5245.658538,0.376350056,59507.86669
25454.34791,Rice,11.77956392,1.177616838,0,5981.245986,0.467795816,45799.8345
33240.1136,Wheat,-9.76965358,0.859518388,1,6132.582449,0.636211116,49268.79072
31294.14404,Rice,2.983433196,0.985070242,1,2890.964736,0.615752138,51263.50176
45552.11047,Corn,4.658461395,1.192394951,1,7680.44253,0.792421083,94822.29124
7045.087115,Wheat,5.846907664,0.993362974,1,1226.791853,0.335096615,6773.94181
17643.34353,Rice,17.81868827,1.145419009,0,4193.4867,0.597390748,26286.94629
47768.51678,Wheat,5.542324051,1.035492609,0,8021.913837,0.565809145,86374.97429
45061.87028,Rice,7.947744905,0.950131963,1,6075.036289,0.749059073,74952.732
25504.55388,Corn,-0.498234765,0.914313422,0,3350.461893,0.293817285,29046.46174
32905.9669,Corn,4.930071665,0.881289236,1,7254.578074,0.651078898,43236.79012
17482.15323,Rice,-0.909214909,1.104719277,1,6106.518497,0.54096117,44438.67484
13465.45219,Corn,-7.072163049,0.954616203,1,8166.192485,0.364799522,12176.95534
25866.42822,Rice,14.13794374,1.004510185,1,7615.226676,0.484660948,36431.8403
20900.85026,Rice,16.72851194,0.996930192,0,6490.971298,0.400265958,31256.09
31264.52503,Wheat,14.77961384,1.030911612,1,5393.599078,0.547588042,52881.31602
8498.058663,Rice,8.539761752,1.146230858,1,2198.639131,0.733400366,21674.25749
48847.76634,Corn,5.191431207,1.192295737,0,3351.997161,0.541582991,98821.35221
49379.4835,Wheat,24.53334598,0.963033683,1,4771.895256,0.579033451,77620.3122
36417.27713,Wheat,10.76327141,1.131007569,0,6393.693583,0.511248708,56965.48433
29124.33649,Corn,9.167275105,1.105811118,1,5623.370697,0.230699304,38351.19472
18928.74273,Rice,-8.974317368,1.029411581,1,3593.660734,0.339715134,27644.13686
41620.77589,Wheat,3.649913105,1.182418857,0,1058.17922,0.495201038,83924.74337
35812.90276,Wheat,5.207824751,0.880189806,1,5466.152997,0.38614117,36705.12519
12317.76227,Rice,5.952911236,0.843705684,1,3570.633897,0.309058159,19617.35589
45991.7233,Corn,13.20689477,1.141584787,1,7611.474706,0.502479705,79784.94239
42014.17593,Rice,11.34410187,0.975659927,1,1215.516387,0.393685876,61318.49389
47740.9961,Corn,14.31620371,1.138787542,1,6263.450302,0.354864586,73149.74828
37657.37788,Rice,20.59533046,1.157236082,0,9473.268138,0.47839125,60213.87512
32603.68382,Corn,22.51942955,0.824983037,1,2569.683404,0.279970555,38182.35411
23820.93663,Wheat,18.72492305,1.153385905,0,5244.845417,0.75664744,51535.57375
46972.78175,Corn,28.22094784,0.979327622,1,1822.797926,0.720621259,84011.86119
43972.87503,Rice,-9.270696693,1.004172996,1,6631.13721,0.624572351,71668.70058
7034.840155,Rice,-2.168880573,1.050637004,1,5954.785125,0.263728297,6341.185827
6186.513852,Wheat,-9.697485001,1.170553043,1,4666.289718,0.665526353,4267.211634
21940.85151,Wheat,15.89898857,0.807646438,0,5692.393193,0.684774397,33951.82775
41474.89989,Wheat,25.92122196,0.990737387,1,9069.171926,0.660658771,70357.13514
49427.42582,Rice,-0.260708137,1.075088817,0,2766.648721,0.268379532,62571.3454
11768.7601,Rice,27.08138179,1.089082783,0,1203.080605,0.586344774,17639.55691
31735.88219,Rice,-7.589304388,1.077012973,0,8754.983962,0.700594877,55792.46541
22140.08855,Wheat,27.37744107,0.853774052,1,6194.053741,0.546412041,21816.33728
48646.1479,Corn,4.06490749,0.919758235,0,9015.926099,0.587844425,66956.02708
42895.35154,Corn,-5.943166862,0.94348621,0,6372.507011,0.475018088,54026.55992
42724.79171,Rice,9.434870367,1.121774883,0,8291.44981,0.517224392,70654.52602
26091.19219,Wheat,0.271062709,0.911503949,0,4867.06027,0.220626115,25335.71707
23666.87761,Wheat,1.394916078,0.884281986,1,7748.739382,0.583377813,25002.21269
17303.31824,Wheat,2.291598597,1.182979208,1,9217.373202,0.248868328,35676.61855
7536.897349,Rice,22.12103591,0.803545314,1,6149.106673,0.461008757,15110.92121
43912.50693,Wheat,11.56645107,1.199128342,1,2627.066355,0.375593059,68539.13743
41580.54541,Corn,2.452307966,1.07072852,0,3419.178535,0.52725677,69357.83236
49987.2953,Rice,14.41335133,1.13138772,1,2787.801192,0.280049801,74480.55738
49848.65767,Corn,18.64602697,0.917847759,1,3221.713248,0.614986041,79846.65872
29994.42675,Wheat,0.904960029,0.805726111,0,3757.739044,0.677006922,36435.69222
39604.43368,Corn,6.541964061,1.095147807,0,5996.204081,0.29801267,61758.85935
47514.45784,Wheat,-5.124556267,1.133657839,0,6291.924665,0.262587852,65269.94187
43234.13258,Corn,-2.754026019,1.096190453,0,4838.497725,0.28730929,54329.93551
16130.66458,Wheat,17.24471416,0.857140115,1,6538.787018,0.726276537,27488.59597
25274.48609,Corn,-2.742466092,1.101371169,1,1734.174331,0.516913557,48679.49331
10812.17368,Wheat,11.00653535,1.107569113,0,1790.094134,0.480356598,30667.15503
47932.29623,Wheat,18.36185047,1.063416206,0,2546.465143,0.264027091,58431.33807
32277.85855,Wheat,-5.724923076,1.106446373,1,5662.697482,0.589733604,60269.89848
15288.92625,Corn,12.69248879,1.138368576,0,2925.952108,0.720799755,27900.53817
35226.5308,Rice,0.262511348,1.045441646,1,3549.559631,0.696911522,66409.43325
32815.77082,Corn,28.51707501,0.835441886,1,4602.815526,0.575632825,35844.58096
21117.32231,Corn,9.341825869,0.995051124,0,8306.795116,0.24516723,19850.62014
10110.09165,Rice,22.23970199,0.831059734,0,1124.759223,0.267438216,6769.755942
35220.7938,Corn,12.00906169,0.963017212,1,6844.409382,0.229585392,42100.18119
28413.84654,Corn,-8.263498686,0.962842596,1,7019.888779,0.35448753,33850.74716
39754.32763,Corn,15.32605502,0.826403938,1,8187.902023,0.28139688,45393.17371
28407.35755,Wheat,28.05613369,0.939528214,1,9394.776452,0.356028824,41326.22323
43348.16751,Corn,14.06447281,0.84439924,0,1181.240641,0.431034833,55378.28423
29835.80774,Corn,22.76755438,1.123294084,1,2384.05335,0.76578967,67273.29539
30242.20872,Wheat,25.36825853,1.17907521,1,8975.541647,0.566225636,57927.35409
44449.41212,Wheat,-0.876809122,0.82892659,0,5126.66706,0.700984271,56588.79158
23156.72898,Wheat,-1.518206404,1.182046083,1,6081.31575,0.6262109,51330.049
11030.68528,Wheat,14.43923955,1.00903064,0,6967.244834,0.267501878,11081.89425
6295.220434,Wheat,6.441138792,0.919826271,1,7111.59944,0.641552244,14057.51577
38981.17651,Corn,23.59445211,0.83074483,0,9385.66363,0.365059329,52073.94817
32913.92981,Rice,26.00092494,1.000249707,1,9972.544757,0.583464708,54414.50057
36683.58956,Corn,4.136855172,1.117806218,1,7481.417148,0.404577184,50114.09634
14583.38727,Corn,-0.525177641,1.082834591,1,3584.990883,0.798603358,23811.39737
11136.7164,Rice,21.22102061,0.820090405,0,8917.771621,0.358130888,19017.68691
5654.509955,Corn,0.992241422,0.829160734,1,1442.988231,0.367478282,5565.805252
20776.44015,Rice,22.90457274,0.961149313,1,3079.727676,0.758403353,35511.88349
31546.29591,Rice,6.949530146,0.918116198,1,9076.471457,0.214786643,38978.18836
22650.98203,Wheat,16.70199597,0.892953729,1,3305.72363,0.618013393,36208.00441
24686.37149,Rice,-6.178587447,0.9124018,1,2985.859537,0.635195834,38224.96979
45687.14125,Wheat,14.95437299,1.121393097,1,2243.127638,0.701827146,86146.78501
20671.49602,Wheat,8.070707149,1.171691221,1,8732.005819,0.784663586,41662.29922
28129.52701,Rice,13.46433853,0.962041078,1,5500.524333,0.785361151,52604.50999
40264.38557,Rice,-3.27943169,1.162444401,1,7074.038827,0.239166055,60767.15061
22844.4252,Wheat,19.4749498,0.92859828,1,3151.597457,0.693103594,34629.80424
32993.90151,Wheat,24.5118831,0.990574795,1,7822.363789,0.58778596,57304.05453
43806.36689,Wheat,-1.330407996,0.890411599,1,7840.049905,0.588405281,61311.68483
47728.42806,Corn,-6.171417779,1.056190417,1,3813.382224,0.277009956,60116.15475
11618.30664,Corn,-9.054456558,1.191592446,0,4696.143697,0.5901123,18219.11664
46696.44313,Rice,15.67886002,1.041397238,1,2887.212497,0.789489548,82128.36178
27145.23319,Wheat,14.28376144,0.943125634,1,9789.04921,0.747091142,43365.86836
16620.99747,Rice,11.86789651,1.059126978,1,6810.423194,0.463478396,31931.32458
25661.10903,Rice,-0.722116155,0.849168271,1,9410.894926,0.223968784,22645.53779
49101.46589,Wheat,5.636239836,1.155463632,1,3730.469893,0.417376094,81357.15213
27167.81423,Wheat,13.77905341,1.00123358,1,8037.018217,0.695834187,42845.49507
19793.82246,Wheat,9.870674354,0.979739897,1,7892.727795,0.620899461,30132.22993
33503.03844,Rice,29.51142081,1.034345915,1,7224.900867,0.475606193,43585.05398
15806.55285,Corn,-4.542409898,1.049913545,1,9690.750777,0.233060921,19360.58855
8413.849765,Rice,17.80578216,0.828710322,1,4541.998025,0.456136837,9184.5971
10799.58749,Wheat,6.172750724,1.073046888,1,2176.455912,0.481414964,19868.76333
10762.06275,Rice,7.127984597,0.896772672,0,7045.379733,0.75713332,18074.71572
11835.62121,Rice,18.70391063,1.085581053,0,7563.788204,0.584651662,14368.47767
11247.22277,Corn,17.69744605,1.129013918,1,6175.545161,0.38699175,23033.3884
33839.36352,Wheat,29.65023975,1.121583403,0,2861.361038,0.515190959,58558.57054
13184.6038,Rice,-4.864228422,1.021000387,1,5540.103475,0.239633185,17679.27183
20555.02775,Wheat,-5.835614025,1.008067957,1,3809.707629,0.783540941,36910.59899
45355.47845,Wheat,18.97355269,0.857150385,1,4847.198754,0.416035941,52461.68559
26328.27381,Corn,13.13547668,1.11013846,1,6806.967183,0.486720413,44542.91956
35040.09823,Corn,0.966426662,0.908563752,0,7706.932684,0.413170385,47367.86507
12754.3942,Corn,-6.82322524,0.998678169,1,3090.022218,0.609507038,11766.67386
13653.00585,Wheat,-6.573670016,0.913709637,1,4647.928246,0.597339295,17232.81666
6839.087732,Rice,25.76763499,0.853531345,1,3422.454139,0.629193386,8235.479116
12602.07784,Corn,-2.325307011,1.051823079,0,2787.684525,0.360885938,19319.60885
17536.56526,Rice,2.934862485,0.821732814,1,8050.48498,0.389401089,25988.34035
12965.47179,Wheat,-0.933743911,1.099458094,0,9183.27425,0.275150739,14318.56065
8991.614019,Corn,4.199852233,0.927034718,0,4332.089671,0.593305983,10791.25392
10428.6142,Rice,-7.22304629,0.800053877,0,7761.510319,0.223878276,7648.700598
25735.04456,Rice,10.76239164,1.004451656,0,9072.957604,0.558609401,36281.80428
14285.01733,Rice,-7.295497456,0.818740763,1,8615.117895,0.721817531,18401.97358
21392.14375,Wheat,22.01426031,0.910467823,0,2645.320497,0.734499289,37636.60841
27653.77719,Wheat,-0.651516724,1.082790595,1,9606.626934,0.469422656,38730.11226
36067.76729,Rice,11.60047658,0.825075849,1,4390.087964,0.475582213,46050.39731
6769.046293,Rice,25.2031635,1.135735397,1,4053.165951,0.24618151,1070.939735
40973.46795,Corn,16.03509476,0.801527969,0,1561.881946,0.602459015,49820.27636
33255.51753,Wheat,11.31831146,0.898729548,1,5375.562887,0.692755652,48945.15407
8679.156438,Rice,2.973350125,1.096361622,1,1981.122541,0.346793033,21189.69943
44311.03808,Wheat,3.320076522,0.92650806,1,3236.858388,0.452780529,58269.21599
46439.25802,Rice,16.77947821,0.840756955,0,3852.483596,0.703303602,55497.7885
7748.508193,Corn,29.76557445,0.944093568,1,8279.436911,0.726272281,2633.783983
17459.49417,Rice,16.47356759,0.908157315,1,8879.397854,0.345907988,21510.82103
41279.05759,Corn,12.31133669,1.137084761,1,3722.196857,0.530342381,74899.73949
38671.68607,Corn,19.22602041,0.925339167,0,8728.283091,0.31549589,48951.54433
13303.44587,Corn,8.608224491,1.115572989,1,8715.078436,0.261127258,19554.19587
14420.71955,Wheat,-7.594306296,1.156748858,0,7881.858553,0.746672301,34947.80216
21671.24463,Wheat,12.49187264,0.973526968,0,2320.256026,0.692304503,33005.50764
26803.53433,Wheat,28.30501138,1.163977258,1,7212.905622,0.656020941,56140.26058
32821.46472,Corn,-2.987882306,0.950927222,0,9505.216581,0.229259791,30206.13688
21601.11378,Corn,17.60019563,1.185631367,0,7142.864309,0.706237276,39173.63213
25814.06223,Corn,-1.962652454,0.83571581,0,3984.551642,0.462826446,22522.66964
38636.19222,Rice,11.43310738,1.074807707,1,5505.213857,0.405437074,56988.62403
6650.74413,Corn,-6.132942014,0.997525616,1,6811.52539,0.527885817,9905.127897
16359.6625,Rice,8.01483745,0.955059522,1,5595.133679,0.254811946,20176.25578
37100.73136,Wheat,20.24653316,1.053084751,1,2079.576476,0.65398793,64931.0799
45284.3077,Wheat,3.90286097,1.081542837,0,3808.576402,0.549461046,71250.06088
28025.4849,Wheat,16.59646898,0.801745308,1,8221.564275,0.311954058,28527.48643
28945.10684,Corn,21.81799843,0.866781235,1,8752.762415,0.31293932,25453.20033
9822.74051,Wheat,27.08711278,1.08521842,0,2235.700294,0.310549191,20786.36196
25133.55651,Corn,-0.614316726,1.066554165,1,9571.480772,0.234201433,31566.24274
28967.77699,Wheat,5.972636632,1.186419002,1,3959.403561,0.55267907,50917.92111
15911.17266,Rice,-3.903359467,1.104415116,0,6960.823649,0.704208907,37891.98015
17115.94539,Corn,29.69934009,1.180309083,0,7766.426314,0.210498928,18243.39477
21977.78734,Wheat,27.08003872,1.081016201,0,8307.516112,0.229402787,23580.63896
5903.2039,Rice,11.59828521,0.919220883,0,9511.74732,0.543662166,2895.346952
19493.56245,Wheat,23.68133178,0.842145969,1,3816.275932,0.691697411,27432.26683
14515.16031,Corn,10.83831909,1.112729545,1,8726.558091,0.396043334,24706.2791
19737.38085,Corn,14.94342752,1.057659689,1,2185.182131,0.409768639,33127.90682
10389.29593,Rice,-6.435022715,0.819274405,1,7345.368157,0.557807898,26119.54553
45073.72763,Rice,20.21081682,0.944020186,0,7677.799566,0.364527733,46814.18701
31711.66041,Rice,-4.891460655,1.182719926,1,7099.509171,0.21596502,48649.67737
35559.60436,Rice,23.04270521,1.000160458,1,3270.832625,0.641137111,55581.89756
40512.70574,Rice,21.28112351,0.973091654,1,8857.388323,0.575389948,59173.85397
27429.89895,Wheat,18.34978791,0.983079842,1,2519.72617,0.548453599,38656.39959
8911.412964,Wheat,-8.553584779,0.88355309,1,1482.713124,0.645010477,8408.481264
29169.79438,Corn,2.125134238,0.947482868,1,7457.184916,0.605138503,52785.25021
31407.85031,Corn,0.524502796,0.947925302,1,5279.281437,0.323529193,43615.98954
38544.77634,Rice,4.405456299,0.820942008,0,8641.88218,0.411488628,44779.75138
24424.67958,Rice,-6.494290129,1.107027051,0,4450.57427,0.275666085,41247.53469
10741.11363,Rice,27.47831292,0.966601773,0,2514.507297,0.277914208,5705.145414
17769.91576,Rice,12.15208963,1.128871955,1,8527.979732,0.605717448,25557.10138
21338.70334,Corn,2.220972426,1.1401392,1,5940.186685,0.715160064,30838.44861
34066.27586,Wheat,5.879260683,0.884797622,1,2702.762132,0.77763955,50084.11176
30685.02371,Rice,7.88810162,1.062941393,1,7483.455987,0.577008271,52244.79655
21024.35267,Wheat,14.02377333,0.988912722,1,5600.022746,0.310460794,27760.41063
49393.1862,Corn,10.62717711,1.152062695,1,6438.81684,0.263390207,72638.72556
32259.86687,Wheat,26.77567893,0.886296272,0,5148.085044,0.687710583,41199.39884
15675.20563,Rice,9.878539316,1.07112528,0,8458.380854,0.547253886,29994.33514
9580.211268,Corn,29.68632059,1.043100849,1,8466.064441,0.570971013,16897.04966
11878.66126,Corn,24.05699831,0.918120591,1,7384.499396,0.668877253,21866.11933
16068.09778,Corn,-1.659579426,0.854640361,1,1948.612397,0.621966337,12809.75245
12230.6618,Corn,27.22380859,1.060655904,0,8549.684757,0.700674952,23619.50032
13395.51608,Wheat,-5.345344085,1.095438983,0,7039.116825,0.233728343,12164.86714
17829.28259,Wheat,22.69798834,0.926250938,1,7273.217494,0.648512382,25237.55966
12801.81179,Rice,5.224931739,1.057933042,0,4266.845564,0.710511654,25838.07012
45354.44411,Rice,25.11897282,0.958052363,0,8913.516005,0.371681025,60057.65916
8610.518555,Corn,24.7222676,1.085282753,1,7528.344402,0.584268364,10547.04602
28603.01253,Corn,22.237016,0.87968611,0,2013.314199,0.388497238,34968.27901
23467.85721,Corn,21.60121745,1.156086001,1,4670.00231,0.77478264,40493.70489
49207.03776,Wheat,2.187165564,0.914963839,0,8977.423258,0.220054143,60681.42005
10041.7506,Wheat,-6.763228678,0.947114395,0,1424.770315,0.547875706,13694.94055
22903.50196,Wheat,6.119207151,0.823236781,1,9652.749577,0.299902128,30102.41114
48626.1695,Wheat,-3.059019401,0.844604885,1,7112.463115,0.627332123,64201.7096
43947.82067,Rice,17.79804356,1.006344761,1,6682.383799,0.30553417,55121.53472
41768.24319,Wheat,3.843989062,0.907037071,1,3435.033308,0.341229957,46992.02565
16605.62722,Rice,29.02440803,1.13419209,0,3239.126099,0.496622487,32568.21424
12689.94143,Corn,15.63888309,0.805877355,1,9478.523975,0.74890097,14338.04372
35088.9449,Wheat,22.89922255,0.951637619,0,3684.452088,0.327028623,47535.06386
46821.91951,Corn,-4.69901309,0.934938219,1,7979.54767,0.286544013,54406.9767
30054.33019,Rice,24.48057929,0.807731052,1,4538.096184,0.655386099,30306.03144
30722.57103,Corn,26.91028762,0.84974736,1,2253.286637,0.500371719,36317.76934
17599.05921,Wheat,9.482476753,0.96545707,1,1096.437679,0.747071067,23789.18129
39627.18199,Wheat,14.25011751,0.997145834,0,5898.316033,0.287968734,51062.41249
13416.96869,Wheat,20.59239204,0.961715899,0,9782.009367,0.587556736,14532.70136
19565.56564,Corn,-3.00645491,1.012375071,1,4322.225744,0.339727488,31166.78348
24144.63974,Corn,10.10264306,1.03805267,1,4214.731006,0.294056257,31978.08032
27842.46704,Corn,5.946521111,0.803969528,1,4096.824561,0.610057649,35152.34758
15908.43796,Rice,-4.145040314,0.985638064,0,5684.894536,0.556210772,27680.78644
10167.65711,Wheat,4.701376892,1.185399696,1,4965.983951,0.652896475,24741.46225
32477.90191,Rice,-7.273107625,1.007612912,0,8919.231641,0.385677546,45246.01638
17988.3749,Corn,-8.967523722,1.071016907,1,5549.687126,0.468782994,24441.35669
31155.71996,Wheat,-4.593348434,0.924745543,1,5569.820544,0.443283006,32712.74195
11946.32219,Corn,28.52460446,1.109596551,1,2245.344352,0.790453678,20303.28523
26651.30458,Corn,11.98118144,1.109168593,0,9844.655868,0.375349374,37570.35279
28966.52446,Rice,28.63288645,1.008518419,1,3249.756018,0.376890343,40758.76138
7332.059157,Rice,7.299915133,1.190405529,1,1660.276607,0.412728925,10604.7385
20147.19252,Rice,2.472645323,0.850220086,1,6968.316241,0.538756449,29797.86693
11048.66046,Corn,10.24567451,0.806779066,1,6358.297331,0.351393647,8981.174126
7851.873671,Rice,7.580467545,1.108063285,1,4736.310886,0.749173964,14933.25998
49548.21046,Corn,-5.77341263,1.122862215,1,4799.730105,0.359411339,81551.89272
19505.92302,Wheat,15.63305259,0.848082892,1,8065.575289,0.737489439,30451.78767
41444.35006,Rice,-1.3584727,0.906233133,0,2761.413761,0.262085038,47101.50911
16458.82946,Wheat,14.7835182,0.807020945,0,8382.279871,0.593937621,18161.9457
35667.6225,Rice,16.0080437,0.917323444,1,6838.724025,0.744191311,53901.59606
39210.2537,Rice,-3.919005875,1.10925675,0,4770.727964,0.301249663,52343.79701
31803.74333,Rice,-7.546014916,1.007184211,1,5122.257549,0.780996176,54344.24149
26220.92848,Corn,21.23046344,0.939238237,1,3309.824865,0.471730016,40023.65253
23532.84114,Wheat,8.392016951,0.948695718,1,7769.028994,0.767429065,38349.30616
20699.07199,Corn,-7.67344818,0.80054145,1,5615.872681,0.606092026,19864.82654
46828.81149,Corn,29.79465269,0.919920211,1,3887.690885,0.380952122,68330.56551
42377.87335,Wheat,-7.68877756,1.058583497,1,6364.451042,0.312981515,60500.85599
48426.21098,Rice,17.80140915,1.189677778,0,9961.610068,0.382241028,72598.38229
10593.37506,Corn,29.34715701,1.138824331,1,4917.360517,0.255810446,12940.84411
37889.03638,Rice,-0.432795831,0.809437986,0,9286.222607,0.28632078,40004.37919
47225.32056,Rice,-4.310025253,1.159424242,1,4105.151559,0.262796264,77666.33629
13155.48798,Wheat,-5.144602423,1.113279365,1,1492.594362,0.453766126,15750.90868
7992.332032,Corn,2.131005903,1.112150449,1,2838.178957,0.677347026,19789.59728
38350.42922,Corn,-5.95816756,0.983198304,0,4768.25629,0.284830133,55443.33598
30851.29009,Rice,17.68645367,0.959202117,1,2976.714357,0.27819226,34681.78986
42882.29495,Rice,-7.508328075,0.921166292,1,1002.043344,0.58605737,61264.43335
11289.75695,Wheat,10.37688513,0.826277944,0,9235.01384,0.318309789,7116.276514
40787.02903,Wheat,29.86787415,0.891294145,0,8594.914701,0.258566023,44735.64721
14073.2294,Wheat,22.55881078,0.898641454,0,7680.630083,0.300109147,16259.25402
12364.51743,Rice,14.60877753,0.993630828,1,2510.331361,0.754238838,24850.41731
12391.96091,Rice,2.250144831,1.098977763,0,2083.272186,0.692882752,28505.42329
41655.86241,Corn,14.95583345,0.989523931,1,1608.442745,0.412438737,54479.49971
34933.87493,Rice,11.08165856,0.82313778,1,7516.262699,0.59349246,35984.87543
28537.94411,Wheat,7.043335356,1.18311592,1,9359.271646,0.522365404,51294.45884
21147.37179,Rice,-4.77158493,1.177089728,0,4874.822388,0.606274558,41451.64272
44474.02434,Corn,25.46416861,1.114075817,1,2072.266048,0.609602691,80998.77319
22660.02983,Wheat,7.991385953,1.196531161,1,5611.535387,0.577240409,41131.03402
41746.97478,Rice,-2.215099527,1.017792933,1,4139.487167,0.359660821,58395.4441
24761.07089,Wheat,4.710374035,1.18510734,1,4373.424319,0.223403852,43477.43125
21962.49932,Rice,6.565190101,0.830242016,1,6591.975617,0.473340069,28773.83319
25820.59036,Rice,23.10151582,0.946272299,1,7468.463019,0.734584331,40514.79352
18562.00434,Wheat,19.34457522,0.890152507,1,1995.43239,0.541698355,22972.5155
38642.42211,Wheat,20.77219575,0.878333234,1,1320.312077,0.699434625,56831.11893
27622.41755,Corn,-9.558749423,0.85632118,0,9948.972724,0.794974606,50641.42096
15449.57128,Rice,6.646159927,1.048965457,0,3094.55514,0.298169722,20121.72143
45480.8558,Corn,9.253766065,1.112528742,0,1484.474724,0.615066583,81621.39359
22275.10496,Corn,-9.232308927,1.03131936,1,2708.877962,0.604576144,34449.95393
29459.87875,Wheat,0.39252835,0.858785084,1,1350.620617,0.787973268,50730.11203
45791.24499,Corn,20.41159292,1.124449508,1,4526.298052,0.79136044,102036.2331
33090.70982,Rice,-4.515611771,1.054381883,1,8221.61606,0.612007167,58496.39012
10260.41183,Rice,11.41240526,0.955266282,1,4071.200048,0.346168875,13608.23842
47292.44556,Corn,-1.391925119,1.069652118,1,4997.650662,0.679133503,85125.34162
33246.86239,Wheat,-9.515169014,0.903961992,1,7080.280962,0.264217481,26073.13172
20070.75266,Rice,-0.351941696,0.938076883,1,5580.046631,0.668419583,35138.60657
11267.24327,Rice,29.0349502,1.166994337,0,8753.011174,0.746117674,23630.20003
40731.13352,Wheat,22.06148448,0.916201802,0,8794.321075,0.429700037,55495.1675
32903.27402,Rice,28.38306577,0.987995307,0,1089.196259,0.578381177,47753.14679
29005.74914,Corn,9.514161757,1.156056455,1,8002.416758,0.458085639,46970.65666
45225.16624,Corn,-5.610552053,1.08308854,1,5146.602402,0.462659033,69590.0969
40486.87451,Wheat,11.91837956,0.82488129,1,9899.564872,0.386222533,51403.60213
11825.36959,Wheat,8.175093382,0.858921218,0,5349.088683,0.657277772,14939.27199
19027.49305,Wheat,23.77428331,0.803136636,1,9882.063508,0.761705938,37335.12232
16182.01129,Corn,-6.076696769,1.052368716,1,7791.124251,0.764450516,32201.9206
38477.58317,Corn,9.529645481,0.97906937,0,3237.443962,0.304868771,42778.89417
6508.959563,Rice,-3.998053412,0.85370994,1,5845.554814,0.72484619,8941.830851
30645.03582,Rice,2.987037076,1.183173648,0,9929.220755,0.642458865,56294.55298
39310.64086,Wheat,19.4942831,1.01186389,1,8717.77547,0.35170244,42794.7799
44454.45365,Corn,9.040725175,0.896757318,1,1876.302044,0.240370768,57444.55751
20393.67869,Wheat,5.035531406,1.000241428,0,7357.347971,0.36079836,31274.09728
41956.57871,Corn,5.779051143,1.071848133,0,4110.216273,0.747324942,81245.12733
9978.428163,Corn,8.377870736,0.830495687,1,1062.840357,0.579907205,13919.77496
43090.35313,Corn,21.40066175,0.909881526,1,4631.328721,0.632632797,57100.73602
10736.9898,Wheat,25.68338756,1.122786196,1,3112.789796,0.354291411,13908.36306
22877.92808,Wheat,28.21338746,0.983865948,1,8369.823435,0.631632893,40935.02584
40878.29146,Corn,21.47613545,1.018630857,1,4035.97548,0.216872904,45414.35256
11746.28423,Rice,2.61627583,0.973126401,1,8447.713246,0.425192807,3631.989826
15316.31279,Corn,17.52538824,0.817559977,1,1005.38145,0.576052009,18599.80004
37501.36558,Wheat,7.504124962,0.866299912,1,3770.37235,0.287657939,41123.90901
37401.64414,Corn,0.186824882,0.978216655,1,3170.486929,0.693802145,62648.80582
33851.64348,Wheat,23.63486318,0.883674186,1,3102.10625,0.341018779,43757.59229
36227.68,Corn,-8.462946042,0.819991611,1,1613.679578,0.591368668,50461.85323
29422.59995,Wheat,26.07047969,1.137459866,1,2684.118434,0.443118286,49590.72706
16330.95765,Wheat,8.459098585,1.192477012,0,5999.946129,0.557626157,36311.3229
20556.31971,Corn,15.48805907,1.11725715,1,3622.249656,0.264470332,21445.85574
13171.89726,Rice,16.37415689,1.141513969,1,4756.553041,0.21014768,20718.57428
45880.27526,Wheat,25.80470963,0.896790852,0,4391.801923,0.745738656,74961.12829
31252.63076,Corn,15.46678729,1.18425079,1,8883.144325,0.361778005,44202.88988
23038.31375,Corn,14.55734339,0.878770282,1,9147.690991,0.691806202,26736.91565
25790.26116,Corn,-7.333918378,1.180571924,0,5436.612745,0.79961018,51063.48527
47627.75028,Rice,10.73632088,1.197927718,1,3971.403553,0.326858755,72395.6912
11900.81314,Corn,-3.993239967,1.084689122,0,1961.206336,0.359102445,21311.31934
31380.34244,Rice,19.49735075,1.192457493,0,9580.625914,0.597715873,56713.39381
27764.99055,Wheat,10.48887683,1.027815912,1,1542.042504,0.779269181,46493.79416
32515.44059,Rice,17.20911117,0.903816713,1,3678.852498,0.749488609,48355.80019
5814.958272,Rice,-8.333083976,0.974798354,0,3682.595811,0.501725312,14105.55908
44245.5759,Corn,-6.608319358,1.037424374,1,3883.611575,0.67706617,77044.96717
46945.32271,Corn,18.65293552,0.829232625,1,2478.581589,0.281447512,48988.69374
30430.99326,Corn,-7.11662656,1.048937306,0,8048.452878,0.786462911,56474.2332
36349.28707,Wheat,-7.149730889,1.192471135,0,2102.480758,0.77861194,83555.08214
46512.47215,Wheat,-9.515660991,0.87604306,1,6714.159932,0.298237375,49153.32676
36825.73854,Corn,28.26005593,1.117038047,0,2114.61424,0.379653875,63330.63978
11864.25693,Rice,19.50033438,1.163159518,1,1634.820738,0.260092999,18441.79432
30932.97621,Wheat,4.13005634,1.177480637,1,9184.865533,0.363030559,48843.53862
32302.17709,Corn,1.861423252,1.184054242,1,2711.158897,0.689573474,77126.51427
24085.88021,Wheat,3.98812919,1.008583855,0,8391.251391,0.426989364,29387.12708
38139.9906,Rice,20.98614125,1.190923163,1,5901.67784,0.25303818,55146.81863
47046.51566,Corn,16.45482444,1.102924083,1,1700.708676,0.405335315,66758.91574
46650.58308,Wheat,-2.592177285,0.864668574,1,9599.033723,0.788830001,76918.87002
25287.77171,Rice,-3.035626587,0.990760043,0,3222.650503,0.577810157,47976.57987
10095.71206,Corn,-6.064174011,1.08733247,0,8736.808108,0.449696568,24263.50654
49317.85395,Corn,16.41210879,0.898936126,1,2519.290052,0.299923108,63750.01564
42750.41389,Wheat,20.57490649,1.056246073,1,8685.485939,0.791706078,79916.30824
10609.82065,Rice,0.601857133,1.066640192,0,1119.059316,0.692509406,17327.68903
46437.88472,Wheat,-9.162201559,0.865079898,1,5606.024109,0.368886381,46635.71268
44145.33629,Wheat,-6.713133301,1.026034125,0,7924.983215,0.242041217,66437.1545
28347.71257,Wheat,28.71440139,1.108650764,1,9413.159657,0.233975334,41125.91331
31607.39461,Rice,1.817791099,0.999558266,1,9182.819226,0.27222689,37734.22989
22955.12167,Wheat,20.76892591,0.804841247,1,8376.623826,0.54846115,35248.4584
7464.273747,Corn,14.98654275,0.803615388,1,8993.722147,0.757258053,5676.923329
20083.87587,Rice,5.277585586,0.942811738,1,2792.977173,0.498046057,30399.08251
41128.40519,Rice,-1.772509512,1.170477627,1,3557.658661,0.705767289,81252.28375
5208.441035,Corn,-5.144543274,0.891470712,1,3600.716724,0.467531972,10007.39
20007.46273,Wheat,14.60051872,1.053745476,1,4393.485379,0.625150127,33944.80406
22917.59121,Corn,20.98535123,0.888830348,1,4539.886033,0.639123642,26134.06422
29182.80213,Corn,15.75617014,0.928667996,0,5900.997922,0.304378224,35728.01137
46393.50274,Corn,11.21208533,1.139216836,0,2438.91787,0.416729635,80121.68289
20585.56975,Wheat,-8.321951063,1.091544577,1,7221.219974,0.582381294,35410.1317
20612.89409,Wheat,28.7395511,0.838159711,1,2508.098854,0.242417965,25340.70325
38187.55616,Corn,21.94856767,0.971480808,1,3792.776339,0.416924113,47338.0805
25349.80734,Wheat,1.712881468,0.811667905,0,5530.106175,0.52087968,31161.74604
15107.21703,Wheat,29.19881317,0.992356059,1,8167.965054,0.797734696,23828.61591
25359.77823,Wheat,14.07526359,1.064973605,1,7655.223099,0.484720138,43833.47505
11338.56592,Corn,13.29690633,0.847401049,1,6809.809208,0.689634054,16391.99008
12937.41439,Wheat,19.92292718,0.915553976,1,2401.959345,0.459240371,20734.92638
27426.54977,Rice,22.47079152,0.95913465,1,5923.408111,0.677834434,49575.25237
23851.64523,Corn,16.25914429,1.16781241,1,1787.018516,0.557248881,46834.0883
46168.06555,Corn,-4.876170145,1.197302006,1,4396.268591,0.731957265,97103.19741
21307.72546,Wheat,3.53070024,0.81796452,0,4721.648773,0.446565531,20221.07644
31126.47576,Rice,27.12334561,1.104403169,1,1358.302955,0.562582652,53701.68958
33451.89296,Wheat,-1.015375526,0.948689627,1,3465.892895,0.578011208,47413.46563
5589.250546,Rice,4.886680954,0.956983274,1,9600.845205,0.450429765,6037.766923
34859.18174,Corn,7.283075318,1.101705989,0,9582.69347,0.286587226,47538.15755
13011.61851,Corn,7.576199588,1.167370573,1,4170.943488,0.256135644,14180.29445
48248.16429,Wheat,14.5175833,1.180371438,1,1387.900981,0.21000293,59123.88755
11689.82275,Rice,27.72303351,1.030849034,0,2611.854454,0.724120559,17435.7004
23658.08557,Wheat,-0.372291527,0.942848464,1,4529.960141,0.341884947,30898.96898
8840.735064,Rice,-5.139944948,1.115019634,1,9530.017282,0.32690405,6339.19508
49859.34133,Rice,-2.101180406,0.900400553,1,2270.791572,0.64162124,73776.33491
27598.77546,Rice,25.47699601,1.025629612,1,7871.642593,0.392009668,48903.73671
31792.32578,Rice,15.83243251,0.943431385,0,1978.142854,0.503626815,50214.88193
8018.441482,Wheat,1.43627157,1.062652429,1,9831.318197,0.297506639,19273.52329
38748.22117,Corn,22.63787756,0.896159565,0,4434.548492,0.775847433,63621.21168
14445.75169,Corn,24.45479985,0.876637178,1,7977.11085,0.71094884,27504.46285
45412.44302,Rice,23.86057355,1.167295635,1,4083.319745,0.718273774,87465.43352
14231.28382,Corn,26.75706135,0.840721473,1,6649.019894,0.444064249,14055.87166
13580.94743,Corn,0.089640807,1.002383163,0,2728.144763,0.657416728,8867.231733
6644.735053,Rice,20.20167715,0.888341113,1,2314.189174,0.286325693,13523.63952
26243.01253,Rice,8.421579891,0.815571985,1,9442.577256,0.205171402,33495.98274
30417.851,Wheat,23.67994212,0.814407527,1,9258.825501,0.21198376,27258.01396
7956.888774,Corn,19.13962709,0.870088709,1,8987.220462,0.551961042,9474.776729
39898.74275,Rice,21.05789786,1.146708142,1,6628.901051,0.473236943,63634.54009
25397.99756,Corn,16.24647351,0.912991498,1,8274.413901,0.510809209,36946.14714
28597.56212,Rice,-2.902849221,1.180183668,1,1621.332432,0.204477884,46276.24392
24834.32361,Rice,11.80107676,1.032648917,0,4013.101377,0.453611972,28564.21886
23034.33774,Corn,29.38678958,0.974645676,0,3823.328123,0.630840897,38660.08886
30183.81491,Rice,27.49552266,1.032035534,1,6720.807898,0.465616221,44271.71427
11985.81107,Corn,-8.273050568,1.006679354,1,4203.619961,0.639331524,20346.93062
13186.76587,Corn,-3.407407371,1.103510502,1,2336.561035,0.339811379,21791.54963
43780.35295,Rice,-4.730849062,0.912998426,1,6368.203679,0.687885203,66526.11117
47575.1958,Rice,19.0391964,0.941220157,0,8329.455286,0.553058744,69026.06895
21798.91923,Rice,22.71141319,1.157637721,1,4439.11145,0.32645786,32404.12143
17183.51029,Wheat,-1.459545348,1.178582605,0,2190.418436,0.342032286,32030.66891
33979.97945,Corn,10.23410772,1.157023291,0,2770.193776,0.576818279,64087.40011
23393.0377,Corn,23.62812112,0.967779198,1,3137.349747,0.697963756,39543.62049
6142.386005,Wheat,19.31206179,1.112146201,0,3699.078337,0.449376669,3546.268607
12026.86688,Corn,11.68948822,0.990534293,1,6785.155635,0.354980257,14249.01373
37218.7503,Corn,13.61390762,0.999015941,0,6408.509361,0.720206964,68454.2959
34651.57739,Wheat,10.33442188,0.881872044,1,7264.718754,0.601560975,49129.39533
6219.319663,Wheat,1.901938053,1.036452121,1,4262.517861,0.468851292,12765.91252
14988.74729,Rice,12.60087971,0.874454359,0,8415.978867,0.492740117,28397.867
15398.36585,Corn,17.55541208,0.93262588,1,2836.78895,0.322553881,24186.11354
35235.17346,Corn,24.93291663,1.142012081,1,5221.366728,0.576081578,63885.72847
5886.974199,Rice,15.45165416,0.882830324,1,8208.448494,0.415245506,4800.367157
9684.886189,Wheat,20.44486148,0.828463314,0,2621.42783,0.797387106,1653.71851
40996.22384,Wheat,-3.597134602,0.827603037,1,1988.768024,0.488110109,49647.56708
13034.50979,Corn,8.462298977,1.176313808,1,8953.155709,0.491531364,21239.10146
34373.57485,Wheat,-9.626735207,1.002768175,1,4086.366965,0.539511072,55016.81773
15718.22515,Rice,-0.132845419,0.963764829,1,7154.831124,0.750053602,25741.46285
9474.862674,Corn,19.0584686,1.124351432,1,1228.137438,0.68049086,16300.47058
15942.74859,Corn,29.67239805,1.134330371,1,7210.421996,0.470678042,17699.25287
37502.01193,Rice,-6.032876017,0.932876413,1,3844.911804,0.63121956,52367.95691
43506.34106,Wheat,6.059772634,1.077447223,1,1501.667682,0.551741299,75122.34884
42359.89391,Corn,22.00283875,1.108449126,1,6488.314854,0.495420229,78795.18166
22873.25883,Corn,-1.838574615,1.061860275,1,3167.234345,0.315389464,31460.82191
35063.83115,Rice,12.20339797,0.86063803,1,4481.265178,0.478361758,46251.97221
14224.29329,Rice,19.32285184,1.150353233,1,1725.227311,0.347491152,26811.33701
18191.64786,Wheat,14.63941801,1.015637821,0,2324.46926,0.74890529,28258.52411
45335.11183,Corn,-2.479010615,0.912988971,1,3681.795119,0.401244088,59832.20351
5585.086558,Rice,4.215382747,0.970091274,1,1807.835505,0.771358409,5894.846798
8847.883888,Rice,21.35167138,0.815028436,1,9197.436382,0.519833174,15284.06016
14354.88148,Rice,12.16906057,0.85114672,1,1054.423389,0.578926627,20048.51492
6193.949174,Rice,-9.790815458,1.1062187,1,5354.74197,0.525764267,11946.58589
13164.59458,Wheat,20.4396304,0.800004654,1,2109.227123,0.27762837,9542.652902
31236.87024,Rice,-8.587545802,0.966626331,0,3769.111805,0.425492731,46577.03285
23964.10478,Rice,19.82935131,1.009004072,1,9334.536038,0.259487667,40877.8244
45170.227,Rice,-1.900777593,0.821853768,1,2455.250979,0.573772427,53384.1009
41784.96028,Corn,28.3229392,1.189231265,1,9692.490877,0.468124517,71255.22083
20381.78083,Corn,4.717630052,0.890450132,1,2852.149393,0.666790983,31408.55931
16674.0545,Wheat,3.077264654,0.921679488,1,7674.094976,0.332282289,24406.72382
22086.15837,Rice,-4.044477987,0.921577005,1,5920.095384,0.298739635,23636.93937
31563.27241,Rice,2.22416862,0.892166665,0,8960.308548,0.443799339,26491.80403
17062.86384,Wheat,25.06603047,0.800589529,0,5985.9393,0.75595123,30782.85607
33086.70085,Rice,29.85337351,1.091737918,0,5811.032972,0.626253089,62546.05426
23423.52435,Corn,4.73238122,1.1867382,1,2759.122003,0.451354175,31629.41227
29842.12314,Wheat,7.944425238,0.889717393,1,2496.064258,0.510363302,37063.89666
24625.69381,Rice,18.88283753,1.065218877,1,9248.40236,0.250527807,40644.44982
18250.95918,Rice,25.44783122,1.096758531,1,3950.54379,0.790745538,43084.14781
47680.39881,Corn,13.72177337,1.139370152,1,4348.740295,0.599844383,91605.74327
39362.26074,Corn,5.661027927,0.969051679,1,7838.412926,0.371242441,51424.19843
11305.09291,Wheat,6.504873634,0.921172362,1,4049.411342,0.551485037,16572.00784
44081.05892,Wheat,17.82472586,0.930118054,1,9568.56202,0.26568942,51239.38232
26934.40392,Corn,-9.871269456,1.085048533,1,7641.349921,0.779502001,57647.38597
45254.85021,Corn,14.7835735,1.126711787,1,6376.863183,0.304870993,62155.08093
40993.48652,Wheat,4.219720418,0.872645587,0,8928.056445,0.588818191,52807.45344
24134.6077,Corn,21.76789325,0.948376403,1,1446.453175,0.347272678,35888.68289
6011.118874,Rice,-6.280374407,1.160776079,0,3313.56423,0.63053683,11155.36617
17090.48117,Rice,13.52809068,1.122677408,1,5185.327008,0.66609282,38859.8215
29373.53966,Wheat,9.238915595,1.193943361,1,3042.806855,0.604051837,52897.08656
33506.51989,Corn,15.69302104,1.101699304,1,7695.146686,0.568699676,57633.26004
16604.94584,Corn,-7.405856221,0.95727808,0,9272.872279,0.735481456,22974.36853
11271.02333,Rice,13.1993515,1.036255134,1,4813.931079,0.247176027,14603.40011
42571.86066,Rice,12.45938352,1.064405702,0,4079.193401,0.398548859,55980.73242
49298.09813,Corn,12.42640378,0.831382327,1,9653.956589,0.348972488,52850.23587
28656.0582,Corn,14.13950666,1.017798784,0,5003.671895,0.792808377,45107.96121
12725.56786,Rice,17.05871749,1.083728331,1,5401.435604,0.433633868,23240.9446
17253.82969,Wheat,22.19955999,0.866928522,1,4164.848851,0.63956762,28107.33201
5827.580445,Rice,0.792828805,1.112252687,1,9185.936257,0.610835098,1789.703873
46143.4463,Rice,23.00197641,1.033509112,0,6120.59935,0.327248742,69965.4862
10298.79873,Wheat,9.930227291,1.180888714,0,7859.571285,0.343398608,28825.13376
30943.2414,Wheat,-6.917668835,0.816968919,1,8306.260465,0.368770738,34832.09969
17332.48493,Rice,-7.65796283,0.906130455,1,4076.641377,0.446676367,19515.19347
29938.01011,Wheat,3.369532748,1.040621552,1,4903.248982,0.340595039,55886.73654
34313.91748,Corn,21.39587908,0.918623965,0,8636.24597,0.21179089,31602.72937
42338.38117,Corn,18.30723739,1.085769666,1,4269.298165,0.727635834,79519.4851
14288.95723,Corn,21.54459859,1.103602113,0,8145.416201,0.779365899,28957.50765
5494.81229,Corn,10.69076226,0.841006386,0,9468.930903,0.404942232,13218.21812
11159.85335,Wheat,7.607959918,1.005541786,1,6608.893358,0.403104128,17543.90688
45500.83888,Corn,-4.101898932,1.003556222,1,7674.645587,0.204255088,52496.30907
44325.05349,Rice,3.127710144,0.947712308,0,8245.875808,0.608150413,62798.2938
31883.5896,Corn,7.360774647,1.173169945,0,8605.35684,0.695263937,61702.01649
32023.25872,Wheat,-6.455982813,1.131002528,0,4555.480041,0.28796498,41613.37673
34926.65035,Rice,-1.175521892,1.078883753,1,1461.371133,0.29579981,49067.19017
12891.70754,Corn,13.92901176,1.085730654,1,4616.886441,0.67404995,20610.56578
46148.53757,Rice,19.42652457,0.984686458,0,7063.806068,0.569774449,63863.25034
23844.67362,Wheat,29.93390046,1.168397808,0,5053.153472,0.226916335,40457.69704
22241.23377,Wheat,27.32453325,1.077838171,1,7740.668358,0.573528194,35232.96449
28351.29674,Wheat,15.70260798,1.091592425,1,4212.841865,0.385350634,36533.23154
7113.468505,Wheat,6.849922132,1.144676362,1,6712.69727,0.421235093,10731.28055
12482.75159,Rice,15.44709459,0.909628636,0,2677.778244,0.661838851,19211.48676
38211.51274,Corn,21.42606472,1.122828362,0,7744.32493,0.686561116,63629.52085
8725.940057,Rice,-5.266552363,0.878096241,1,5911.263719,0.440213976,12693.4677
32141.84493,Wheat,6.396195588,0.938136781,1,2836.579497,0.768291762,48084.30395
16040.70994,Rice,23.59209143,0.934244182,0,3627.200561,0.443877631,30193.00748
22518.30263,Wheat,5.353318077,1.191410187,1,7737.478377,0.663101621,47238.38287
17991.21815,Corn,12.87489085,1.142614889,0,5343.411121,0.490326359,28637.1893
21005.27224,Wheat,13.51077443,1.080467945,1,2944.282964,0.738519396,35730.76865
37357.06573,Wheat,-2.620949875,1.090822705,1,9705.440713,0.744656746,70569.81131
18370.4772,Corn,4.489417666,1.024829118,0,7436.125178,0.252450085,26643.3304
30488.20881,Rice,3.38045155,1.178836267,1,9614.213493,0.761895999,63196.13972
26422.2681,Corn,-8.952131659,0.998503501,1,4843.945408,0.695320905,43641.39492
34865.20244,Wheat,-9.032329444,0.952207084,1,5275.903066,0.674786429,55892.90647
47157.33827,Corn,23.26788175,0.865214135,1,9081.596946,0.320546804,50860.59382
37965.74437,Rice,0.922832399,1.114482261,0,5725.444062,0.683071525,69498.34289
14672.31704,Rice,10.72315065,1.093777573,1,7365.510207,0.710079641,17014.82565
6403.241078,Wheat,1.949022944,0.953742015,0,3269.555897,0.373490201,13256.59082
16801.88199,Rice,27.6271698,0.810077366,1,5020.538218,0.771356047,25603.60483
31778.50688,Corn,0.371870355,1.135598931,1,2111.048792,0.229916088,40517.48788
7314.161607,Wheat,7.18627251,0.804567193,1,2853.820323,0.289945552,17084.66197
27336.48112,Corn,24.90921002,1.081479912,0,1008.490737,0.522548683,45447.49119
31857.9282,Wheat,23.67734267,1.188102844,1,1353.385465,0.545475483,53316.29432
20040.97509,Corn,-2.555943286,0.975064531,1,9795.554409,0.58709005,35297.40099
39691.04917,Corn,22.10573239,0.893989362,1,3181.183256,0.210181478,44931.56515
9796.921391,Rice,8.32747547,1.081948404,0,6969.796386,0.776220065,20800.41247
8381.200178,Wheat,9.318754883,1.126851257,0,8551.897289,0.226752856,9457.124881
37768.49403,Wheat,-4.660801103,1.018572126,1,5955.944133,0.285837172,51718.55139
27297.10923,Wheat,-6.77593945,1.18681411,1,2378.300501,0.208408711,37839.53541
35978.10784,Wheat,19.11757228,0.820667489,0,7553.047936,0.54011506,48253.24217
24567.23024,Rice,9.858446094,1.001918239,1,6402.262691,0.75936013,33780.79442
16088.0915,Corn,7.474028105,1.087381579,1,7581.255304,0.5995683,25813.3115
41859.6043,Wheat,19.18032915,1.145056188,1,7927.719606,0.693594481,89787.46693
40973.71455,Rice,20.62051596,0.871702245,0,9778.693309,0.207968722,39309.53535
36261.34119,Corn,-3.643673293,1.120001393,0,6162.06952,0.525209179,58923.75162
17246.53118,Corn,14.40900598,1.02108283,1,4074.770014,0.475737787,23748.13771
31560.38001,Wheat,-4.585836709,0.958621473,0,6836.181012,0.499380767,39288.9217
21243.82536,Wheat,20.05500344,0.852686011,1,1615.966383,0.243327911,11480.62671
9121.1933,Rice,16.27820625,1.146118304,1,9076.575865,0.610661217,15684.86656
46279.1109,Wheat,28.26458484,0.862909283,1,2074.429102,0.501932249,60658.47247
11156.83839,Corn,-7.241679346,0.923915144,1,3950.585541,0.65908931,16839.32072
47760.68092,Wheat,-7.717811154,0.916018213,1,8341.708426,0.49117438,64513.96976
25070.25978,Wheat,1.287482988,1.148565614,0,6375.811405,0.289628982,37349.86237
